id,timestamp,account_id,product,price,currency
1,1585583450000,9562629,BFNKMO-H74,511.19,JPY
2,1585583450000,5628027,QSNOBO-D17,576.76,CNY
3,1585583450000,,UPPGBG-B18,445.27,KHR
4,1585583450000,3391571,AQMZSH-T56,950.89,PLN
5,1585583450000,,QUDJDP-Z06,473.73,JPY
6,1585583450000,1561500,OVJOPT-I29,685.05,SYP
7,1585583450000,,JYKKWZ-W74,726.41,EUR
8,1585583450000,7504285,EHZADQ-V65,852.94,CNY
9,1585583450000,,OMZQKV-D40,253.47,IRR
10,1585583450000,,JWTTSB-O31,256.76,COP
11,1585583450000,4637984,AELTFS-H94,190.12,THB
12,1585583450000,9513343,SPXPNT-N89,351.8,BRL
13,1585583450000,6057479,LTPBON-Y60,130.53,CNY
14,1585583450000,1829399,VOWCOY-A13,345.4,BRL
15,1585583450000,6888264,TJLXUX-Z40,448.81,EUR
16,1585583450000,,FDSGKC-L07,405.49,USD
17,1585583450000,4679893,OQPNSS-K58,350.37,PLN
18,1585583450000,6403071,TMBSQR-U67,291.71,PLN
19,1585583450000,6164473,ZVHYET-Z36,800.37,PLN
20,1585583450000,7505447,DHSZTH-X01,691.58,RUB
21,1585583450000,7562714,XXFHYZ-S56,592.3,SEK
22,1585583450000,1809069,HAPTYD-P47,655.66,CNY
23,1585583450000,2544635,UCYIIM-G62,29.56,CNY
24,1585583450000,8806806,FQTNCT-N76,599.39,PLN
25,1585583450000,6089400,OZUHUD-H27,300.86,CNY
26,1585583450000,7404419,EKJNNN-O06,39.24,EUR
27,1585583450000,1983494,QOOBFU-W72,626.82,SEK
28,1585583450000,1298189,SAIJPX-U57,765.7,THB
29,1585583450000,8331969,KFFJYJ-R28,746.4,CNY
30,1585583450000,3979938,GAANGO-K84,469.98,CNY
31,1585583450000,9174784,BZLQRX-T69,30.23,IDR
32,1585583450000,7767029,FCYYFN-H72,345.18,PHP
33,1585583450000,9203724,NKOWTS-X69,956.16,DKK
34,1585583450000,7135202,RCUHKP-O93,794.96,ARS
35,1585583450000,,IDAFTX-Z17,678.42,IDR
36,1585583450000,1586913,FZRACI-T93,244.83,CDF
37,1585583450000,9395046,EXSVHM-U94,344.95,EUR
38,1585583450000,4679893,NHFEDZ-A97,860.98,ILS
39,1585583450000,,VQJBAG-O39,544.23,ILS
40,1585583450000,4446706,KLUOEJ-R81,469.77,NGN
41,1585583450000,4440233,UVABVN-M30,636.77,PEN
42,1585583450000,5651353,OMVPFK-H55,740.68,SEK
43,1585583450000,9029588,ONLEGM-B56,817.93,RUB
44,1585583450000,4055251,EKVPKS-F43,976.54,MXN
45,1585583450000,,ALILZS-A66,320.66,EUR
46,1585583450000,3928008,XEXIYC-H93,274.37,IDR
47,1585583450000,7505447,TWNCQW-W06,88.95,CNY
48,1585583450000,,ZWFWTD-H02,492.18,LKR
49,1585583450000,6653715,KQMECV-G65,209.92,CLP
50,1585583450000,,TKGDVD-K07,227.65,CNY
51,1585583450000,,EQMWVK-V65,724.07,RUB
52,1585583450000,3731866,UNWBIC-M24,583.25,UZS
53,1585583450000,,ZRTAGT-K17,896.28,NGN
54,1585583450000,2972601,PZWVGF-X42,50.43,IDR
55,1585583450000,,QUZHTC-K52,273.17,PEN
56,1585583450000,,TENMNT-Z77,280.75,EUR
57,1585583450000,4258386,YFCIIF-I49,342.87,CNY
58,1585583450000,,DWEVTZ-I32,125.06,EUR
59,1585583450000,3784787,WOLXHY-Q56,313.54,PLN
60,1585583450000,2972601,QUWHJC-H74,859.36,IDR
61,1585583450000,2850017,DMZYAY-S59,387.48,ARS
62,1585583450000,,XNIWQB-Q84,182.2,HRK
63,1585583450000,6957038,ZZPFFM-Z49,607.21,CNY
64,1585583450000,7586455,OLUNBX-Z49,682.19,USD
65,1585583450000,,EKLXVA-M08,657.56,PLN
66,1585583450000,8556100,ZHUEBI-F43,622.1,CNY
67,1585583450000,,ODRRCQ-P19,738.7,SLL
68,1585583450000,,VRQZRL-M39,440.34,VND
69,1585583450000,2917136,ZJRNYE-C57,422.62,BRL
70,1585583450000,3887207,HWMOLC-L10,179.46,RUB
71,1585583450000,5702025,MRASKE-W16,203.35,CNY
72,1585583450000,9007082,DOPYOI-R72,175.47,EUR
73,1585583450000,8761406,MADHUB-B84,298.91,KMF
74,1585583450000,,PDENSH-W06,45,IDR
75,1585583450000,,OXZPGD-H13,396.47,CNY
76,1585583450000,9186005,IJHICN-I63,528.65,AMD
77,1585583450000,5285573,IAQCXE-U82,291.43,USD
78,1585583450000,7040274,LEFQCY-G24,330.75,ISK
79,1585583450000,4440233,DHALUC-X14,953.57,ARS
80,1585583450000,8651992,ZOCTPR-V01,771.48,BOB
81,1585583450000,3451946,SIQPQD-Q98,238.79,IDR
82,1585583450000,8645796,QTISTH-A48,117.76,IDR
83,1585583450000,6813182,GZQGTU-V16,862.41,EGP
84,1585583450000,,IWUEYO-U36,568.86,PHP
85,1585583450000,,QVEOCG-W55,288.91,ALL
86,1585583450000,,UQPOJM-I09,321.23,RUB
87,1585583450000,9105279,CRMPZZ-F99,651.05,TZS
88,1585583450000,,OHRFVE-U21,861.72,USD
89,1585583450000,7547945,GMDLCJ-S23,209.19,CNY
90,1585583450000,2927705,CRBIPP-O60,404.19,NGN
91,1585583450000,1829399,RUUYCQ-T63,551.76,EUR
92,1585583450000,,BCXKSM-Q08,257.49,IDR
93,1585583450000,,GSEWVK-Z40,255.62,BRL
94,1585583450000,1215252,ZZCWQL-B51,572.21,EUR
95,1585583450000,3893972,ZVZWVQ-V23,609.61,RUB
96,1585583450000,6819999,GDMJND-A35,790.37,RUB
97,1585583450000,3074997,FSTBMQ-R42,229,IDR
98,1585583450000,5635753,VCPIPF-D28,525.22,RUB
99,1585583450000,2878927,QOEUSO-R60,187.22,PEN
100,1585583450000,3558908,GDUORC-H19,793.1,THB
101,1585583450000,,AZMHSI-P18,414.75,BYR
102,1585583450000,,SPVMFG-E08,120.05,IDR
103,1585583450000,,QGQUBI-M40,708.85,EUR
104,1585583450000,,TWUARM-L56,350.09,CNY
105,1585583450000,4503344,MIBYST-X60,457.79,EUR
106,1585583450000,3275968,IFWWAC-W00,411.81,CNY
107,1585583450000,,JHJGIB-S57,193.22,PLN
108,1585583450000,,CLMNIJ-D07,528.85,UAH
109,1585583450000,3587257,KTXUWP-D35,521.74,CNY
110,1585583450000,8645796,FDDJEH-Q21,201.66,EUR
111,1585583450000,,LWZDTJ-I60,406.99,BRL
112,1585583450000,,JLUGTF-W30,661.54,RUB
113,1585583450000,3752842,IUDDUL-A80,526.27,PHP
114,1585583450000,2347947,IRQBQN-U48,488.37,CNY
115,1585583450000,3231332,EQEWWC-O56,694.9,CNY
116,1585583450000,2585283,TBBVLI-C86,884.25,CNY
117,1585583450000,,IVRKVT-U80,359.75,DOP
118,1585583450000,,ZLJKAO-Y67,573.58,TND
119,1585583450000,2270104,IMCLKK-O26,572.54,CZK
120,1585583450000,3499655,RABFPA-J50,45.44,RUB
121,1585583450000,,WGFZJM-S86,849.95,COP
122,1585583450000,,CWSKCH-I12,989.8,KPW
123,1585583450000,2489815,QUJIFK-F60,786.07,PHP
124,1585583450000,,MDBZDI-W32,607.52,EUR
125,1585583450000,8026377,CWIWLZ-U66,820.91,KRW
126,1585583450000,2972601,NHHALX-S26,816.62,IDR
127,1585583450000,6328551,ODLDUH-Z75,233.73,BRL
128,1585583450000,,PSDETL-O95,728.13,EUR
129,1585583450000,3006033,ZRFCCC-W86,225.38,NGN
130,1585583450000,9677788,IZDRBG-W92,854.8,GNF
131,1585583450000,,AXQETF-M84,988.82,BRL
132,1585583450000,9964899,WWRXMY-A54,460.81,CAD
133,1585583450000,2223332,HKGZRP-I11,648.54,IDR
134,1585583450000,9117643,UIFDDS-Z75,846.04,PEN
135,1585583450000,1984986,HNIJDI-A83,375.53,BYR
136,1585583450000,,XISMIY-M30,391.28,PEN
137,1585583450000,,PBQRII-A87,697.7,CNY
138,1585583450000,3510215,ECTDJE-O85,925.56,CNY
139,1585583450000,7499713,KFEGGK-F57,731.45,PAB
140,1585583450000,,RRHENG-V98,526.56,AFN
141,1585583450000,,MTVJDC-H78,837.23,GTQ
142,1585583450000,4639396,TTCENI-P53,439.68,CNY
143,1585583450000,6888264,KLTQJE-Y29,134.67,USD
144,1585583450000,3009705,GYZKTP-T25,94.99,PHP
145,1585583450000,,XWRYMP-A57,185.36,HNL
146,1585583450000,3979938,JMXPRC-T44,799.1,CNY
147,1585583450000,,ETJZBP-Q28,35.36,CNY
148,1585583450000,,KKZFDT-O27,141.09,NOK
149,1585583450000,2116659,GEJWPP-N02,877.37,SEK
150,1585583450000,3019734,YAXVYD-L97,800.34,THB
151,1585583450000,,PCVHXA-Q52,547.17,BRL
152,1585583450000,4443347,KESAPS-O47,457.52,IDR
153,1585583450000,3206248,TPMVYW-C23,22.67,RUB
154,1585583450000,,BLKZGD-O01,496.24,IDR
155,1585583450000,,CNHILB-E02,540.9,CNY
156,1585583450000,8856997,BHYVWL-E57,468.82,GTQ
157,1585583450000,6205366,PVDWEG-E01,544.58,MAD
158,1585583450000,9186005,WHXBND-G98,62.62,PHP
159,1585583450000,3986828,ALKPDE-S59,304.5,CLP
160,1585583450000,1732769,OSRAMZ-P81,16.27,SEK
161,1585583450000,,ROWVTR-D18,379.59,IDR
162,1585583450000,9029588,EYQTMA-V60,319.34,PHP
163,1585583450000,7157248,IWWJXJ-G19,159.84,BRL
164,1585583450000,2267756,GUBEPK-B62,499.31,EUR
165,1585583450000,,HVJOCE-N42,286.69,IDR
166,1585583450000,,MEIXGP-X28,303.94,EUR
167,1585583450000,2442511,VWVIBZ-W06,620.39,TND
168,1585583450000,,YAQFFH-I03,584.4,PHP
169,1585583450000,,UQZNUR-L99,743.59,PHP
170,1585583450000,,VPUMEL-Y65,945.12,CNY
171,1585583450000,4461943,ELTRLI-H54,699.78,PEN
172,1585583450000,,WOQQFG-N54,519.28,EUR
173,1585583450000,7540305,DIVHER-O88,329.8,CNY
174,1585583450000,,JSSRMG-R58,647.36,UAH
175,1585583450000,,OXHKMC-Y22,937.32,HRK
176,1585583450000,7404419,DEIYEX-U15,937.68,RUB
177,1585583450000,,DFLNVO-T50,443.28,ARS
178,1585583450000,4198917,AIQXJW-I42,451.53,BRL
179,1585583450000,,NIIAYM-K85,667.27,CNY
180,1585583450000,4446706,ONGBTY-B32,120.16,SLL
181,1585583450000,8387063,LACAVK-N07,373,EUR
182,1585583450000,4029509,TCDFLF-V46,581.03,MGA
183,1585583450000,,UOFFFL-X10,711.26,EUR
184,1585583450000,5350060,OONNAD-K87,381.92,VND
185,1585583450000,1402145,BGSNLS-U94,290.62,YER
186,1585583450000,9393113,KXJMMC-P52,597,RUB
187,1585583450000,,YRLIXW-V42,982.17,SEK
188,1585583450000,5026007,YWPSNO-U44,118.78,CNY
189,1585583450000,,CAAIOQ-Y04,866.25,EUR
190,1585583450000,,AMHDOO-U00,316.2,BRL
191,1585583450000,6046231,MQJIKO-X87,248.96,EUR
192,1585583450000,9395046,EBMKJL-W34,149.09,SEK
193,1585583450000,6396288,ICAMKJ-J50,50.76,EUR
194,1585583450000,9665637,NCOTUD-J28,766.19,PLN
195,1585583450000,9279266,GUKBWP-U35,535.53,CNY
196,1585583450000,5029478,YIIMWE-F42,942.11,EUR
197,1585583450000,4426938,YHKZAY-C13,260.49,BRL
198,1585583450000,,UKTVES-L65,900.71,MGA
199,1585583450000,8900780,XQNJWN-T47,495.69,CNY
200,1585583450000,6403071,BFWZDB-Z74,375.22,EUR
201,1585583450000,8556100,YGIFRS-Y94,494.63,EUR
202,1585583450000,5218793,JSTFMJ-E35,10.87,NGN
203,1585583450000,4440233,RRIJKG-F09,351.21,HNL
204,1585583450000,,QGMJZN-H91,137.34,CZK
205,1585583450000,2290822,PTEEMC-X21,470.94,PHP
206,1585583450000,,EXLQHH-E87,642.5,AMD
207,1585583450000,9395046,SHGSOG-D61,924.01,CNY
208,1585583450000,,HPZNTV-F08,327.7,EUR
209,1585583450000,8316314,FEQKLZ-I67,893.65,SEK
210,1585583450000,3213071,XKVAYX-F24,928.87,CNY
211,1585583450000,,BGTXWO-I06,355.14,VND
212,1585583450000,2927705,KFPABQ-Z70,161.38,CNY
213,1585583450000,,XTPDZB-Y18,316.57,EUR
214,1585583450000,7540305,SVHZTC-Y55,200.17,RUB
215,1585583450000,6316612,QIOJEV-J62,745.44,UAH
216,1585583450000,9162613,PKCSTL-B61,327.83,JPY
217,1585583450000,4461943,QBHRVU-S68,518.47,SEK
218,1585583450000,8926788,GACLGB-H75,494.45,CNY
219,1585583450000,7540305,EMGXXY-F54,104.8,UYU
220,1585583450000,8659532,EHFAQI-T76,666.22,PHP
221,1585583450000,6315704,EDVNFL-Y29,116.07,SAR
222,1585583450000,8794171,KPAKRR-R79,614.24,IDR
223,1585583450000,6462623,BYVDTV-Y42,432.75,PKR
224,1585583450000,2674642,WYZFJN-E73,231.13,USD
225,1585583450000,,KJDLLS-N63,320.19,PHP
226,1585583450000,,WHAVPX-W08,216,CNY
227,1585583450000,7109402,UPGRRJ-S35,431.29,RUB
228,1585583450000,,XHVWRY-B36,874.19,IDR
229,1585583450000,5175943,PPYFVI-C55,540.21,IDR
230,1585583450000,3491270,XKUCYF-F84,509.15,CNY
231,1585583450000,7556870,ZTQRKC-V16,362.66,IRR
232,1585583450000,6279757,WGFRYE-F41,633.85,IDR
233,1585583450000,9721347,PEXETD-Z26,696.98,MXN
234,1585583450000,,ZDBXKT-O26,795.5,IDR
235,1585583450000,,BUIXEG-E31,40.45,XAF
236,1585583450000,5350060,ESGCIU-A24,315.8,KMF
237,1585583450000,5836373,JQAQON-S19,947.3,JMD
238,1585583450000,7600084,UMBGNF-G93,11.86,IDR
239,1585583450000,5067163,BTXRVE-A09,78.74,TND
240,1585583450000,,KJDOTP-Q80,893.52,JPY
241,1585583450000,7091785,OUGJLO-L12,784.43,CNY
242,1585583450000,,GRWDRG-D83,278.71,VEF
243,1585583450000,7586455,OSHIUB-B26,548.21,CZK
244,1585583450000,6316612,AFOFMG-Z20,535.54,CNY
245,1585583450000,,UGEWEQ-X91,397.07,THB
246,1585583450000,4786167,ADWNXI-M44,252.96,CNY
247,1585583450000,2270104,KAXNYD-Y55,810.23,UAH
248,1585583450000,9736298,TWOXNH-M23,799.09,PHP
249,1585583450000,6728227,ANSSOX-X61,384.8,YER
250,1585583450000,8749577,SUGKYP-W88,903.54,KES
251,1585583450000,6996699,PCFQUL-L81,856.83,PHP
252,1585583450000,3455810,YIPXEG-Q22,397.98,JPY
253,1585583450000,,TWXRAM-G32,264.12,PHP
254,1585583450000,8245954,WSAYCX-K32,764.54,EUR
255,1585583450000,,HPEFOQ-L88,707.72,IDR
256,1585583450000,6118109,WTVNQH-N94,502.12,IDR
257,1585583450000,,LOSEYY-M34,23.57,BRL
258,1585583450000,1234009,VAYFTF-G22,200.68,EUR
259,1585583450000,,MNDMAP-S19,543.33,EUR
260,1585583450000,4615009,REWBZJ-L39,854.32,EUR
261,1585583450000,6315582,GELBHO-S93,382.18,CNY
262,1585583450000,4815871,KESDZA-I76,105.52,XAF
263,1585583450000,4237964,KMPYIZ-I44,459.51,CNY
264,1585583450000,,IPNCEG-E23,969.44,PLN
265,1585583450000,5378426,GLQMNY-P84,610.68,CNY
266,1585583450000,4615009,IJNYUI-W15,362.9,LYD
267,1585583450000,,DEJVGM-O82,603.02,EUR
268,1585583450000,4928423,WUKOTV-E24,35.45,CNY
269,1585583450000,4395089,JMLLJB-E22,341.34,NGN
270,1585583450000,,KDXMQZ-G15,508.44,PEN
271,1585583450000,6932862,HAIHKG-M27,126.06,EUR
272,1585583450000,2442511,GMUUOU-F02,601.06,VND
273,1585583450000,,UCZGZC-E46,291.55,EUR
274,1585583450000,4309984,FFKDBU-L56,393.07,CNY
275,1585583450000,,LVWCGM-G22,700.28,CLP
276,1585583450000,8144075,HMCBKW-G78,340.24,NGN
277,1585583450000,4879526,IEILZP-Q28,729.9,EUR
278,1585583450000,7153204,BNYWKX-R18,445.39,IDR
279,1585583450000,4461943,QVSJQN-M24,760.07,TZS
280,1585583450000,,LGRYNV-C88,909.46,CNY
281,1585583450000,,CNKRSH-P62,532.38,MGA
282,1585583450000,,AVNNAJ-O80,177.83,BRL
283,1585583450000,,RFUOWQ-C58,938.7,IDR
284,1585583450000,5770761,UBZCCS-T63,606.21,ILS
285,1585583450000,2917136,BQIUTT-B79,862.23,EUR
286,1585583450000,9203724,ARWUDE-F00,511.44,EUR
287,1585583450000,8026377,UBLJUA-Z91,780.52,EUR
288,1585583450000,9783996,ZLYNMP-A10,330.8,EUR
289,1585583450000,,DJPDNR-E32,231.48,THB
290,1585583450000,,WGIFYF-T55,671.31,BRL
291,1585583450000,4762391,UMRLWJ-P63,593.3,KZT
292,1585583450000,3979938,VNHTMQ-G83,690.84,EUR
293,1585583450000,6156022,EMMAFW-F77,93.76,IDR
294,1585583450000,9072090,PMVNCS-N27,220.62,CNY
295,1585583450000,9547855,GBXYYZ-U54,701,RUB
296,1585583450000,1447099,JQUVZS-O06,994.98,XAF
297,1585583450000,5823716,JKGNCD-Q52,649.28,NZD
298,1585583450000,,XLFECB-C03,681.41,VND
299,1585583450000,,PNNETB-Q11,586.27,RUB
300,1585583450000,3213071,SQHZDG-C16,100.61,IDR
301,1585583450000,4029509,QYJKKB-D56,107.71,XOF
302,1585583450000,2122842,PVRVDE-X75,239.09,EUR
303,1585583450000,7516175,LKLTMD-N23,915.39,IDR
304,1585583450000,3142218,CBIBZD-W51,192.19,EUR
305,1585583450000,,VAAKIT-B08,316.85,BRL
306,1585583450000,2848658,CFOLFP-G95,743.64,PLN
307,1585583450000,1394293,TIMHWQ-W08,429.33,RUB
308,1585583450000,7788026,OPPBZQ-H15,276.1,EUR
309,1585583450000,1394293,BSRMBO-I60,437.71,EUR
310,1585583450000,4343256,WMGWGO-O48,445.65,XOF
311,1585583450000,8633498,ZEOYIN-B74,226.41,IDR
312,1585583450000,,YAFGGV-K67,21.56,USD
313,1585583450000,9502269,WWNUXH-B26,473,PEN
314,1585583450000,7507403,QKVAGG-G78,301.3,RUB
315,1585583450000,4029509,VIZBCU-R53,468.32,IDR
316,1585583450000,,UVXYLO-Q36,595.02,CNY
317,1585583450000,8761406,CAUXRZ-V03,344.24,CNY
318,1585583450000,6996699,PMWVTM-D39,956.37,BRL
319,1585583450000,,HWAAOG-M79,170.1,IDR
320,1585583450000,9070848,PEMHNT-R44,272.18,IDR
321,1585583450000,1478478,YGNGTF-H77,819.62,RUB
322,1585583450000,8331969,KHZTTE-Z65,863.14,IDR
323,1585583450000,2347582,LRHMBD-V78,713.31,RUB
324,1585583450000,4120508,MIRYAK-G45,231.48,RUB
325,1585583450000,3887207,MOQOSO-K38,365.4,CNY
326,1585583450000,1121328,IYQJMO-X77,124.29,EUR
327,1585583450000,1587574,BEGPCQ-X47,569.79,CNY
328,1585583450000,3528359,UPQMOT-H39,135.15,IDR
329,1585583450000,2875901,AYIADQ-Y33,472.15,CLP
330,1585583450000,3597064,FXSEQX-O90,249.28,CZK
331,1585583450000,,MFOYYS-A71,765.92,BRL
332,1585583450000,,EAKHWA-Q86,275.27,LKR
333,1585583450000,,EBNTOM-L81,809.27,RUB
334,1585583450000,8331969,CHEWDI-B80,112.99,IDR
335,1585583450000,3206248,XJDQOL-P81,357.93,EUR
336,1585583450000,3893972,RDTSXA-P41,606.57,TND
337,1585583450000,,PAEBGH-E84,686.94,PLN
338,1585583450000,8144075,IJWHDP-Z61,117.1,CNY
339,1585583450000,,HPZOSC-F28,783.18,CNY
340,1585583450000,2687767,DEBGZC-A64,403.88,BRL
341,1585583450000,,RFUMWY-Y14,885.17,JPY
342,1585583450000,,EVFUCS-W60,405.58,THB
343,1585583450000,9233610,PXPMTY-T39,886.47,CNY
344,1585583450000,7236363,KVTEAY-O01,671.93,CNY
345,1585583450000,,CQWCFQ-I01,425.95,BYR
346,1585583450000,8026377,WYYEGR-Y72,690.99,USD
347,1585583450000,5474830,PNDSYX-N37,651.56,CNY
348,1585583450000,9736298,QJCBOF-R01,649.59,CNY
349,1585583450000,,MFMABM-N18,720.84,CNY
350,1585583450000,,QJHTXQ-Z86,418.4,CZK
351,1585583450000,9513343,DZGFRH-P35,188.78,RUB
352,1585583450000,7360180,FLUNHL-Y11,43.02,EUR
353,1585583450000,7504285,YNSVOK-K76,158.82,RUB
354,1585583450000,6819999,KBOUVC-J09,494.26,EUR
355,1585583450000,1416954,IFDNEI-K04,127.48,IDR
356,1585583450000,,MJFBRT-W14,995.62,SEK
357,1585583450000,1674420,XJYKFK-R00,573.2,CHF
358,1585583450000,5228668,PLBPCV-K34,801.93,IDR
359,1585583450000,1930369,TWECLR-K73,535.32,CNY
360,1585583450000,,ITOHTT-D20,536.7,UAH
361,1585583450000,3784787,BXTOKF-P01,347.75,RUB
362,1585583450000,,RMRQTA-S51,429.2,IDR
363,1585583450000,4457563,TIYVEY-G63,304.37,SEK
364,1585583450000,,KNSYNC-H83,105.04,PAB
365,1585583450000,8052197,FDZCME-L21,569.12,SEK
366,1585583450000,4055561,ZTFPLO-P77,809.59,RUB
367,1585583450000,,BZDJIP-F66,92.88,EUR
368,1585583450000,8290852,LJIHTG-I21,258.74,CLP
369,1585583450000,3884081,GHVKAL-C26,504.85,BOB
370,1585583450000,1870536,WMPDCN-R17,840.35,CNY
371,1585583450000,,FBCAUK-P00,649.07,PEN
372,1585583450000,6164473,GTJHFG-P81,835.45,SEK
373,1585583450000,,QHNFWZ-O64,141.71,EUR
374,1585583450000,4258386,MEWCTT-C49,319.36,PLN
375,1585583450000,8316314,IHMJLW-H11,675.84,IRR
376,1585583450000,,VRZXUS-I03,181.42,DOP
377,1585583450000,,VKWIVR-D71,655.38,IDR
378,1585583450000,,DPUDMX-W67,562.87,RUB
379,1585583450000,3510215,RHNXJA-X85,352.53,COP
380,1585583450000,,MHVMGP-S00,705.71,IDR
381,1585583450000,,DNJXDF-F41,986.81,RUB
382,1585583450000,3491270,UVGPZA-Q69,426.39,CZK
383,1585583450000,9677788,IJQSLU-Y55,770.87,XAF
384,1585583450000,2917136,YTUVKZ-N40,568.73,USD
385,1585583450000,,TJRTML-C21,38.9,PHP
386,1585583450000,,RHSILE-O86,570.45,UYU
387,1585583450000,9721347,ETOCQW-S59,723.64,BYR
388,1585583450000,7540305,ZUXHYK-B10,155.23,CNY
389,1585583450000,3680016,CJPDGN-L34,145.94,PLN
390,1585583450000,2875901,PFVTIW-T37,699.14,PHP
391,1585583450000,9721347,XAGESF-R16,294.32,CZK
392,1585583450000,6447844,YMSNZK-A55,89.7,CNY
393,1585583450000,,XGEJWD-Z65,539.21,RUB
394,1585583450000,,YFLKCR-S26,252.89,IDR
395,1585583450000,2223332,YPANLE-U26,478.42,CNY
396,1585583450000,3942089,XCZRPN-H84,523.83,PLN
397,1585583450000,,TPCIXQ-L10,418.1,PLN
398,1585583450000,6491021,XNSAEI-S81,445.85,CNY
399,1585583450000,1674420,CLECOT-K73,160.82,EUR
400,1585583450000,3575250,NTZCTA-J05,558.94,XPF
401,1585583450000,2967224,UPPKYY-I42,327.22,CAD
402,1585583450000,2347582,SIITVQ-L68,47.63,IDR
403,1585583450000,,QDNHZD-T29,265.52,MYR
404,1585583450000,7157248,POSWIO-Y94,536.36,BRL
405,1585583450000,5041539,DJQHLL-T74,233.98,JPY
406,1585583450000,,WIHPPX-T69,614.25,EUR
407,1585583450000,,YNCHZX-O98,708.8,PHP
408,1585583450000,1796565,OUTGJM-Z43,48.01,CNY
409,1585583450000,4604828,OEDHSW-L17,562.4,USD
410,1585583450000,1699379,YFXHNG-Q31,106.21,RUB
411,1585583450000,3055579,VUPFOI-O44,378.56,TWD
412,1585583450000,,ROZUHF-O03,823.61,TTD
413,1585583450000,8839745,FBRDAE-C51,687.22,MMK
414,1585583450000,,GXJHBD-N82,111.63,CZK
415,1585583450000,,HKJARM-D95,273.67,HUF
416,1585583450000,,IHGYCL-P66,561.1,RSD
417,1585583450000,1818065,BDVGXJ-R21,604.76,IDR
418,1585583450000,1517722,HQXWFJ-G14,552,PHP
419,1585583450000,9570752,GKYZKS-V24,417.26,IDR
420,1585583450000,1478478,AOVXHZ-W27,217.99,BGN
421,1585583450000,4340098,WAEVQR-Z87,259.57,RUB
422,1585583450000,,TZBPBZ-Z88,733.62,CNY
423,1585583450000,2662635,WAHLOP-K89,640.2,EUR
424,1585583450000,2585283,IBLHMH-L87,564.56,USD
425,1585583450000,8825084,TGULUT-R82,288.34,XOF
426,1585583450000,3218488,CGWUUQ-L87,55.83,IDR
427,1585583450000,,BXACJS-V53,634.82,CNY
428,1585583450000,3884081,QMCPTX-L91,949.29,ALL
429,1585583450000,3731866,CQPRBL-G57,50.83,USD
430,1585583450000,7499713,FRVUSE-P53,563.51,MGA
431,1585583450000,,ACGJJZ-F11,806.2,EUR
432,1585583450000,,CCAWOZ-U95,255.93,UAH
433,1585583450000,6813182,FCXDII-N87,703.75,IDR
434,1585583450000,1818065,OXURMG-B11,421.4,CZK
435,1585583450000,1834052,BGZHPX-Z92,263.87,COP
436,1585583450000,2097891,SNUMBK-T84,560.36,SEK
437,1585583450000,1828355,JIYYML-H02,424.66,EUR
438,1585583450000,,AJXARQ-H76,483.57,DOP
439,1585583450000,5702025,IYUDUI-O57,535.98,EUR
440,1585583450000,,LJBWIE-N32,196.44,CNY
441,1585583450000,8630396,BRIBII-P26,889.48,RUB
442,1585583450000,5026007,PAXZBS-B34,109.92,PEN
443,1585583450000,,NJPSRY-T78,878.99,HNL
444,1585583450000,,CGFGNW-M40,232.29,THB
445,1585583450000,5898085,QGKSKY-J33,507.42,RUB
446,1585583450000,,DWIJRG-R44,529.89,IDR
447,1585583450000,1298189,VGDTFO-B96,523.94,CNY
448,1585583450000,,FGMGFA-D66,84.45,CNY
449,1585583450000,3558908,BBEVVD-T99,144.38,RUB
450,1585583450000,,ZDCKDI-I27,545.26,SEK
451,1585583450000,,WTYHZR-D36,293.48,IDR
452,1585583450000,1575342,HUWNRM-H27,784.72,BRL
453,1585583450000,3185811,TAWRHJ-O04,478.83,AUD
454,1585583450000,5353288,WINQKG-S06,435.81,EUR
455,1585583450000,,KJSIRQ-B86,564.51,CNY
456,1585583450000,2927705,SAGNFN-J14,585.77,BRL
457,1585583450000,8659532,LEAHNS-G93,633.32,CNY
458,1585583450000,3510215,UYRJXF-Z94,881.62,PHP
459,1585583450000,,MARHAC-E07,186.66,IDR
460,1585583450000,,ABXFHC-X27,708.28,IRR
461,1585583450000,1122610,XJSWUP-L24,72.91,THB
462,1585583450000,,XMRVMS-A39,455.44,YER
463,1585583450000,5958415,XCHIZO-S59,453.07,PHP
464,1585583450000,2265347,UUWFYD-Y95,723.44,PHP
465,1585583450000,4489580,QBUYQL-K43,539.38,CAD
466,1585583450000,,WHEJRS-E97,852.05,PKR
467,1585583450000,3731866,VKLCIE-C27,462.6,PKR
468,1585583450000,,SKCHAQ-F32,343.97,BRL
469,1585583450000,1597656,YCSYDY-X64,333.27,USD
470,1585583450000,3869830,OOIDAU-M54,650.13,CNY
471,1585583450000,4940576,SKNJWJ-D30,832.91,IDR
472,1585583450000,3146874,SSDFYE-F75,440.28,ZAR
473,1585583450000,7387366,YQVJXJ-O90,207.57,NGN
474,1585583450000,2267756,GASBKK-Y73,790.55,PLN
475,1585583450000,,WYKAVG-D08,282.12,RUB
476,1585583450000,2704966,BZKHKY-H82,171.87,EUR
477,1585583450000,8195393,KWHYIM-A25,450.19,IRR
478,1585583450000,4461943,CDCTYB-I99,976.82,RUB
479,1585583450000,,XBEFTY-S72,636.13,NIO
480,1585583450000,,XKOJFV-S93,132.18,PHP
481,1585583450000,,VXHWYD-C48,671.83,EUR
482,1585583450000,4147253,TCGWXQ-F39,260.15,NPR
483,1585583450000,4497017,LCNWQS-U41,563.18,IDR
484,1585583450000,2097891,XCWDPA-X75,581.87,RUB
485,1585583450000,3055579,WHSHOL-R36,183.69,CNY
486,1585583450000,7644569,YFDHQF-L45,760.86,IDR
487,1585583450000,9562629,QUXYRQ-F49,974.47,IDR
488,1585583450000,,RSHNXB-T33,58.09,BRL
489,1585583450000,,WPWGAO-D40,268.5,COP
490,1585583450000,,EFJUAA-I46,94.53,SEK
491,1585583450000,6046231,QYFCEC-H79,819.57,IDR
492,1585583450000,4258386,QCCGFT-V73,599.43,EUR
493,1585583450000,9117643,IRIQME-E54,778.05,DKK
494,1585583450000,1933022,MQNPSS-W02,935.45,BRL
495,1585583450000,,OGGWLY-O34,392.25,MXN
496,1585583450000,,BJNAOM-H65,698.22,NGN
497,1585583450000,,WVLKMY-L99,686.07,PEN
498,1585583450000,4055561,SLFMSN-A59,674,EUR
499,1585583450000,,LVYJKD-J93,77.42,EUR
500,1585583450000,8195393,KXHYQR-C34,594.63,PLN
501,1585583450000,4055251,PMVKLW-X85,391.08,MGA
502,1585583450000,1859446,CJMDEI-E70,562.54,CNY
503,1585583450000,8499499,HBVHPD-J29,683.91,CAD
504,1585583450000,1478478,KSUEBC-F38,744.72,PLN
505,1585583450000,,UMNMKD-A25,272.06,JPY
506,1585583450000,3752842,QQBJCN-V84,266.02,IDR
507,1585583450000,9028077,QPKPTH-R40,172.64,PEN
508,1585583450000,9562629,XVTKHY-N92,639.9,CNY
509,1585583450000,,HWLBUG-Y52,606.57,MXN
510,1585583450000,,UOYPAA-A41,66.12,CNY
511,1585583450000,,VGOSMO-L36,780.78,PEN
512,1585583450000,,YTPLKK-F32,584.12,GMD
513,1585583450000,,AHFPMS-Y84,425.97,IDR
514,1585583450000,2352070,GGFJPG-B82,132.19,USD
515,1585583450000,,UXMBBP-C17,231.03,IDR
516,1585583450000,6819999,OOONRX-V66,85.97,CNY
517,1585583450000,5090590,OTXUKH-X21,921.5,IDR
518,1585583450000,,AECBYI-X87,911.5,BYR
519,1585583450000,8719543,IBSJCC-J87,199.23,PLN
520,1585583450000,4489580,GULDYG-O41,89.42,EUR
521,1585583450000,5774846,WVUUEX-B35,507.83,SEK
522,1585583450000,,IYKOHN-I89,949.83,UGX
523,1585583450000,4188142,JMHDWC-O42,915.12,IDR
524,1585583450000,9837215,WZWTBN-S96,685.12,CNY
525,1585583450000,9804800,MLHWUY-F87,477.7,XAF
526,1585583450000,,FELTBB-K03,207.98,ZMW
527,1585583450000,9477968,LVZSBK-T51,143.21,KGS
528,1585583450000,5891034,PHFSRC-C08,10.19,USD
529,1585583450000,,HVMEAH-W41,657.37,COP
530,1585583450000,3074997,WGKDMG-A29,516.52,RUB
531,1585583450000,,NCURYF-Y89,57.5,HRK
532,1585583450000,,FAKNNI-W06,133.64,IDR
533,1585583450000,5774846,LPJQGF-Q17,445.97,EUR
534,1585583450000,8269848,SZFYUN-F07,821.06,EUR
535,1585583450000,,NTBBWB-D41,929.02,CZK
536,1585583450000,2662635,NBYIOS-I16,885.96,CNY
537,1585583450000,8697797,PPBELS-D47,713.28,CNY
538,1585583450000,3922864,XRIUMZ-F30,422.57,CZK
539,1585583450000,2270104,FFSAWB-Q00,99.7,EUR
540,1585583450000,,LWHXNC-Z75,396.31,SEK
541,1585583450000,,BRUMEV-M42,142.78,PHP
542,1585583450000,4211761,CIXLQN-T22,579.93,TZS
543,1585583450000,,JMLTJD-E19,283.04,RUB
544,1585583450000,,VDJXOK-H65,673.55,CLP
545,1585583450000,3231332,FNYFYW-O07,774.87,AUD
546,1585583450000,,QJEIVT-U51,502.7,IDR
547,1585583450000,,TXAQPB-Q27,280.3,CNY
548,1585583450000,5041539,KWHEEE-J88,937.74,RUB
549,1585583450000,,HAYDCG-U56,415.07,EUR
550,1585583450000,3564648,FLIVUW-G12,805.31,EUR
551,1585583450000,9263666,CCVOOV-L82,954.98,EUR
552,1585583450000,,NUZXGV-I45,541.18,RUB
553,1585583450000,,SGESXM-G72,784.99,RUB
554,1585583450000,4654513,ATAJQI-W65,725.94,CNY
555,1585583450000,8912852,XGFSES-B97,921.57,PHP
556,1585583450000,6403071,QUPNBM-I71,749.56,BRL
557,1585583450000,,RQNXEU-Y53,292.07,CNY
558,1585583450000,3570104,OLOQUF-V59,938.13,CNY
559,1585583450000,7507403,ZSSWRB-V18,381.11,CNY
560,1585583450000,5736636,VVJKJE-D67,699.45,CNY
561,1585583450000,7471848,QKXPFS-O01,487.47,CNY
562,1585583450000,4552051,ZDTSDO-X47,130.88,BWP
563,1585583450000,8387063,YVVJPD-G35,686.16,VEF
564,1585583450000,1298189,NLVTZN-D22,792.92,IDR
565,1585583450000,9477968,COMPFM-O42,824.98,CNY
566,1585583450000,7323548,MZMMUC-M07,94.29,XAF
567,1585583450000,7547945,HKVOMQ-V40,949.22,PLN
568,1585583450000,,HHSORI-I33,488.97,JPY
569,1585583450000,,ASGVAJ-N41,597.2,EUR
570,1585583450000,3404273,HRJIPS-H24,671.63,COP
571,1585583450000,,FELTCV-Z87,131.84,CNY
572,1585583450000,9566599,NVCKQT-X87,243.93,COP
573,1585583450000,,VSHPBW-S31,287.3,PLN
574,1585583450000,9880818,UWDHKS-G78,626.18,AMD
575,1585583450000,4637984,SMAUGZ-K13,657.07,ILS
576,1585583450000,4762391,BPLSGO-Z55,420.4,UYU
577,1585583450000,8806806,RBGLHX-B42,988.17,CNY
578,1585583450000,6779242,FVNVEG-Y79,134.16,SYP
579,1585583450000,3234385,KDRZIA-S18,165.3,EUR
580,1585583450000,3391571,JXSXIZ-Q88,451.68,PHP
581,1585583450000,6491021,MZGVVU-P04,527.66,USD
582,1585583450000,2542825,CRUUVD-H12,607.23,CNY
583,1585583450000,8405177,PUYGCH-H76,288.77,EUR
584,1585583450000,6089400,WYPXOX-X86,998.71,CNY
585,1585583450000,5823716,QYKGAE-F62,915.53,GMD
586,1585583450000,5651353,ZGTWVM-H03,262.87,BRL
587,1585583450000,1402145,GQCLSA-M79,138.53,MXN
588,1585583450000,,MZTLGO-O01,751.57,PHP
589,1585583450000,4211761,BNZFLJ-W40,650.95,CZK
590,1585583450000,6957038,UJMAZX-G63,684.21,TZS
591,1585583450000,,BJBXEO-E56,827.09,EUR
592,1585583450000,,CLKCEN-A61,250.17,SEK
593,1585583450000,4368412,FGBXSM-R38,101.01,EUR
594,1585583450000,3944096,XUXPMD-Y27,931.38,BYR
595,1585583450000,,CYAWNM-Z24,186.38,NOK
596,1585583450000,,JKJBQZ-R83,161.12,CNY
597,1585583450000,3019734,FKEHFI-Y32,973.39,PHP
598,1585583450000,,MOJTKE-H10,644.31,CNY
599,1585583450000,3348210,TNJPZT-L05,840.93,NGN
600,1585583450000,,OEWSNR-X79,734.9,NGN
601,1585583450000,,LPVHPT-B29,664.75,ILS
602,1585583450000,2223332,IBJZYW-I83,440.6,IDR
603,1585583450000,7499713,GBXWAM-K61,353.45,IDR
604,1585583450000,,ECSQQE-Y12,805.64,BRL
605,1585583450000,,CWQGSJ-Z57,836.53,BOB
606,1585583450000,,CGSNUX-O67,861.48,CAD
607,1585583450000,1478478,RCZXHA-L19,72.54,XPF
608,1585583450000,,EZNCCH-E95,947.14,EUR
609,1585583450000,3869830,CFWPJV-C47,983.09,NGN
610,1585583450000,4728820,XNSUUN-Y45,263.29,SEK
611,1585583450000,7516175,NEUUYM-V93,342.67,CZK
612,1585583450000,6638087,XPNQBQ-I55,50.84,VND
613,1585583450000,3275968,DXITSG-Z80,749.31,CNY
614,1585583450000,,LOBJZG-Q14,369.75,JPY
615,1585583450000,9181859,CSISDC-G87,147.04,RUB
616,1585583450000,,GAMXIP-H50,264.33,EUR
617,1585583450000,,RFCGKV-P12,78.69,PHP
618,1585583450000,,POMOYV-G89,791.36,IDR
619,1585583450000,,XONSYO-G50,726.22,JPY
620,1585583450000,1967048,GOXUFW-D32,851.08,BRL
621,1585583450000,2585283,DQRRNV-X21,909.66,EUR
622,1585583450000,1478478,DQNANQ-T59,870.1,CNY
623,1585583450000,,ZGSEXT-V35,517.37,EUR
624,1585583450000,,DMAEQE-V19,737.23,CNY
625,1585583450000,,WUZJZQ-O29,544.95,CNY
626,1585583450000,3451946,GCIKFF-C10,534.76,PEN
627,1585583450000,7714274,TLKCVA-A90,150.51,EUR
628,1585583450000,2097891,SPFJBZ-D50,517.41,CZK
629,1585583450000,8761406,PWQPDL-F88,186.96,CNY
630,1585583450000,9781003,MXXNAX-F73,632.01,LTL
631,1585583450000,,HSKWVG-L39,116.49,MAD
632,1585583450000,1832902,PMSCIB-Y92,317.47,CNY
633,1585583450000,2509171,DIAPFU-M52,236.59,CZK
634,1585583450000,1133073,GURPNR-H73,587.99,RUB
635,1585583450000,,GMATHC-C95,99.39,CNY
636,1585583450000,6279757,JROYJP-C32,26.35,BGN
637,1585583450000,4321981,MBTFNP-S69,470.92,SYP
638,1585583450000,,QJSMVM-Z43,877.4,PHP
639,1585583450000,5026007,SJHQQZ-K94,101.27,EUR
640,1585583450000,,JZJNGA-X79,548.67,THB
641,1585583450000,1674420,KLNNTE-F20,385.64,BRL
642,1585583450000,4461943,JZJNQE-O56,224.32,YER
643,1585583450000,,MYSCKX-O68,134.11,EUR
644,1585583450000,5502932,QULALO-W31,807.68,THB
645,1585583450000,1122610,KIYPTT-H86,592.93,CNY
646,1585583450000,4789657,DQUHJR-Y56,400.38,IDR
647,1585583450000,2116659,INYMSW-W10,519.03,CNY
648,1585583450000,8839745,JLVCUI-Q11,846.8,PHP
649,1585583450000,,KIRTYU-V10,549.26,CNY
650,1585583450000,,ZMYTGK-A43,611.54,EUR
651,1585583450000,3391096,QAZYNN-W93,125.34,CNY
652,1585583450000,,JTBVEQ-G38,429.94,RUB
653,1585583450000,,VEZQHD-P30,345.82,EUR
654,1585583450000,1415376,CQXYBG-R33,808.45,HNL
655,1585583450000,6479598,BFLAON-V40,684.29,RSD
656,1585583450000,1930369,LJIQKR-A04,438.54,CNY
657,1585583450000,4991914,CETCZY-G96,501.8,EUR
658,1585583450000,3008134,FBOPPF-U41,210.61,BRL
659,1585583450000,,CCTSPT-O82,202.36,JOD
660,1585583450000,3654221,ACYJEW-E75,344.01,CNY
661,1585583450000,1828355,HKQDRV-B91,821.43,UAH
662,1585583450000,,UFSMST-I32,942.68,NGN
663,1585583450000,,PDWYJU-V33,85.33,VND
664,1585583450000,1298189,EMLOQY-L57,81.17,TND
665,1585583450000,,HEMMUV-R66,857.41,PLN
666,1585583450000,2566326,VFSKWI-T58,883.37,IDR
667,1585583450000,4928423,EIFQNS-V26,507.57,EUR
668,1585583450000,,QMYUCJ-Y16,240.58,SEK
669,1585583450000,1586580,GNQERT-I54,638.69,PLN
670,1585583450000,5474830,HIYCZB-D45,447.01,VND
671,1585583450000,6164473,HWBYZP-U44,102.95,CNY
672,1585583450000,1809069,BGTUUX-Y92,351.6,MXN
673,1585583450000,9029588,LXDRTR-O13,463.46,BRL
674,1585583450000,7426874,OFBUGY-K88,366.77,EUR
675,1585583450000,4288013,NWRQPM-O40,133.12,COP
676,1585583450000,,CSDTDC-Q66,963.13,KES
677,1585583450000,,NOKNXU-Q62,990.18,CNY
678,1585583450000,2875901,AUFTXX-Z45,982.27,IDR
679,1585583450000,4029509,MRHPJR-S46,731.62,CNY
680,1585583450000,5109194,SVTRYV-G54,804.7,MXN
681,1585583450000,4440233,TVMNID-D14,916.45,CNY
682,1585583450000,4258386,IJXQYU-G66,557.14,IDR
683,1585583450000,5948920,FQPYAE-M43,352.87,PHP
684,1585583450000,9499886,LRHZPX-Z35,291.65,IDR
685,1585583450000,6479598,HNCMCX-Z45,607.28,IDR
686,1585583450000,2290822,ZICTKV-Z30,787.48,RUB
687,1585583450000,1416954,QSIUZK-E27,746.31,JPY
688,1585583450000,7471848,RZDVEY-T00,401.53,HRK
689,1585583450000,5285573,BOZCXI-P76,327.73,KZT
690,1585583450000,,CEDBMM-W29,45.24,IDR
691,1585583450000,1447099,VSIFPM-R15,271.05,CZK
692,1585583450000,9931750,JAZAOW-R05,104.86,AFN
693,1585583450000,7091785,EQBTUI-H54,136.6,CNY
694,1585583450000,8387063,CKFAQP-Q13,844.43,KPW
695,1585583450000,1870536,CYGHSY-B11,581.29,EUR
696,1585583450000,,OXIUFU-C87,892.58,MXN
697,1585583450000,9570752,HHOERN-F44,985.75,PLN
698,1585583450000,2489815,EWDQRX-X67,686.22,CZK
699,1585583450000,9756003,UMQNCR-F02,193.8,BDT
700,1585583450000,,KPYMOG-D39,906.24,BRL
701,1585583450000,,ZKMLZU-M09,145.02,TWD
702,1585583450000,,MSYRFZ-W20,682.13,EUR
703,1585583450000,,WKVSDU-Z63,819.9,CNY
704,1585583450000,5774846,JUVYKO-X47,743.93,SEK
705,1585583450000,,PAWWGL-Y29,646.89,ZAR
706,1585583450000,3922864,ZPHEZN-O09,673.58,EUR
707,1585583450000,9783996,KKMQTE-Y31,680.62,PEN
708,1585583450000,8900780,WWUZDE-T10,310.49,RUB
709,1585583450000,6785316,KMBHSX-H09,910.44,ILS
710,1585583450000,,DTBJHO-U56,857.59,CNY
711,1585583450000,3979938,HGVMYI-V80,862.96,IDR
712,1585583450000,3351966,JKUPRO-S02,460.84,EUR
713,1585583450000,6638087,XKOEWV-U10,585.91,EUR
714,1585583450000,,TSFPKS-G72,208.54,NGN
715,1585583450000,2544635,RSTILL-Y77,961.38,EUR
716,1585583450000,,LVRXSF-S83,738.88,THB
717,1585583450000,9817947,WQNIFM-W17,423.81,RUB
718,1585583450000,2972601,OGUOMV-N85,284.07,CNY
719,1585583450000,4995481,POKLMS-U31,406.64,CNY
720,1585583450000,8912852,OMUELP-T85,146.35,IDR
721,1585583450000,,HEFVKN-K66,726.08,ARS
722,1585583450000,2662635,URVPQN-M90,357.08,EUR
723,1585583450000,,DBQSWL-T89,794.05,TND
724,1585583450000,,TSAJTP-D39,769.07,USD
725,1585583450000,4471305,DELQVN-I50,822.09,PHP
726,1585583450000,2676004,QBCLEZ-X96,686.96,SEK
727,1585583450000,,TGNWLM-C21,367.91,IDR
728,1585583450000,6819999,LGAJYQ-N82,402.21,BRL
729,1585583450000,3351966,GWSWYC-V60,739.87,CNY
730,1585583450000,3558908,FSPWWE-O40,622.74,IRR
731,1585583450000,,KSWJXL-R17,898.66,SEK
732,1585583450000,3074997,ANVAUC-B89,165.22,RUB
733,1585583450000,2270104,SRHNMV-W06,388.46,CNY
734,1585583450000,3451946,OBISIN-R45,153.71,ILS
735,1585583450000,4762391,OFQQJO-Y95,686.99,IDR
736,1585583450000,,UDRVLG-G99,399.75,CNY
737,1585583450000,5651353,DQDGBR-Q21,902.24,XOF
738,1585583450000,4340098,ZDRLPH-Z36,169.16,CNY
739,1585583450000,4762391,QIPBOA-T22,683.08,RUB
740,1585583450000,7073288,OTLVUD-C18,74.53,CNY
741,1585583450000,6749052,AZEYQN-E76,449.5,UAH
742,1585583450000,3821131,BYMZLK-H28,71.21,PHP
743,1585583450000,6156022,QRPHIA-P90,317.5,VEF
744,1585583450000,9840379,XUBBLW-P44,629.64,CNY
745,1585583450000,,WEVNBL-N41,112.39,CZK
746,1585583450000,8697797,FSZWWE-T71,565.06,CNY
747,1585583450000,7547945,SJYAIU-P07,810.39,BRL
748,1585583450000,,WYUVEH-L48,93.67,ARS
749,1585583450000,6493015,LFCRHF-I55,768.02,EUR
750,1585583450000,,JVBWIO-E04,424.04,CNY
751,1585583450000,3284685,DKNQFW-B14,211.09,SYP
752,1585583450000,6749052,CBDRXQ-Q14,855.08,XAF
753,1585583450000,4029509,EPSITD-N78,23.18,CZK
754,1585583450000,,BLRJJJ-Q39,674.3,CZK
755,1585583450000,,GGLBDE-L47,869.48,JPY
756,1585583450000,,RIKNHL-F66,743.22,LYD
757,1585583450000,,IWHPJS-G49,148.85,SEK
758,1585583450000,3206248,OLFDEP-C23,468.52,USD
759,1585583450000,3405000,GYAOQH-C34,202.4,CNY
760,1585583450000,1586913,HLUQJS-D62,784.48,ARS
761,1585583450000,3887207,IEIUIK-O64,872.69,ARS
762,1585583450000,,LXBCAL-J02,722,TZS
763,1585583450000,3893972,UCPKIH-H91,503.92,EUR
764,1585583450000,5823716,AFPPCX-E08,664.81,EUR
765,1585583450000,5635753,XLJILY-Y71,258.96,ILS
766,1585583450000,3146874,USPIAR-Z58,747.28,THB
767,1585583450000,7404419,RHUTWQ-Q60,699.94,PLN
768,1585583450000,5029478,FVHPGZ-X97,234.65,CNY
769,1585583450000,,PMGCFG-H92,365.62,EUR
770,1585583450000,,FXTOKX-O97,681.8,PLN
771,1585583450000,6491021,ZWQRZS-B76,671.98,CNY
772,1585583450000,6315704,WUQSDP-H06,925.5,UAH
773,1585583450000,3146874,ASWQXF-S44,90.28,PEN
774,1585583450000,9756003,AVYIKF-M26,877.9,EUR
775,1585583450000,,NKKXBF-T35,534.6,EUR
776,1585583450000,4604828,BXKSUI-V64,947.2,COP
777,1585583450000,6358732,VXOWGZ-J84,186.28,UAH
778,1585583450000,9177568,WFHQZP-J88,345.22,EUR
779,1585583450000,,VARABL-S46,474.55,RSD
780,1585583450000,3455810,RVPQDG-K89,560.8,BWP
781,1585583450000,8900780,DIOLES-U51,371.25,AZN
782,1585583450000,,CZEDCR-M64,209.97,IDR
783,1585583450000,9742476,ZDIVHK-I99,634.91,KZT
784,1585583450000,5490492,QVNABV-M73,422.31,CNY
785,1585583450000,,ZHYCNX-Q17,446.56,PLN
786,1585583450000,8663769,BLITIK-D38,854.54,EUR
787,1585583450000,2848658,NMWHRS-N64,434.06,PLN
788,1585583450000,4443347,ZDAIAE-R07,181.1,PLN
789,1585583450000,2356606,XYXNKT-Z76,552.69,UAH
790,1585583450000,2247851,TDRMMA-E19,25.77,IDR
791,1585583450000,5898085,ZMAKAV-X67,269.41,CAD
792,1585583450000,1581725,VBKGFF-S79,101.94,PAB
793,1585583450000,6957038,QGWVRU-M03,644.08,SEK
794,1585583450000,,ECJTPJ-W50,570.51,PYG
795,1585583450000,3784787,COOYGG-R87,371.97,CNY
796,1585583450000,,WCMGOP-U13,528.98,RUB
797,1585583450000,3185811,EYYTZR-B45,154.33,KES
798,1585583450000,1478478,KNYFWT-G38,579.32,RUB
799,1585583450000,6227557,OMVCZG-R03,839.38,BRL
800,1585583450000,,EUDTJF-Q47,331.1,SEK
801,1585583450000,,FQIOMI-T01,986.3,CNY
802,1585583450000,8195393,HOXXKS-A14,242.27,EUR
803,1585583450000,9817947,TRWYKG-P14,11.88,EUR
804,1585583450000,8104766,HDUQPY-S54,179.61,ARS
805,1585583450000,5218793,YJLETD-P97,689.6,EUR
806,1585583450000,,LJDLUM-V81,106.69,CZK
807,1585583450000,,JKGQJH-V35,637.24,EUR
808,1585583450000,9817947,NGBJKJ-R71,68.8,VND
809,1585583450000,1586913,QWDDMJ-Y23,471.13,PEN
810,1585583450000,7620624,JBPARL-S13,941.82,CNY
811,1585583450000,1415376,QOZORJ-J01,353.93,SEK
812,1585583450000,1699379,SDIEWT-D29,67.03,CNY
813,1585583450000,,MYXLMJ-P32,729.81,BRL
814,1585583450000,,JJOZCK-Q41,690.8,CNY
815,1585583450000,,XISDOF-D67,100.57,IDR
816,1585583450000,1133073,OGYYKI-E12,681.86,SEK
817,1585583450000,3213071,KGIIZQ-W42,929.54,IDR
818,1585583450000,9559109,PXHIWE-M86,956.4,IDR
819,1585583450000,8052197,SKVZCC-N10,96.25,CUP
820,1585583450000,3587257,BCVCJN-O26,531.68,NIO
821,1585583450000,,OLLGLI-S60,491.2,COP
822,1585583450000,,XCIRVI-O80,86.76,RUB
823,1585583450000,2533555,LTWXTX-T39,221.53,PLN
824,1585583450000,9730904,EXBGYO-Y15,163.86,CNY
825,1585583450000,2352070,XYZFIK-M14,708.72,EUR
826,1585583450000,,MCCVKO-F88,136.23,ZAR
827,1585583450000,,RKTBOS-P53,926.18,MNT
828,1585583450000,9781003,EMDJLE-V83,135.55,MAD
829,1585583450000,8405177,QRIXNS-I89,164.74,IDR
830,1585583450000,,RLZLIJ-E91,776.33,IDR
831,1585583450000,1867405,ESHUUE-S44,771.04,CNY
832,1585583450000,6046231,CIWHWS-S40,174.87,PHP
833,1585583450000,4198917,WZDPAW-S65,330.44,UZS
834,1585583450000,8385366,ZKBXRX-U48,469.25,XAF
835,1585583450000,5948920,LNWBCE-Z33,886.95,IDR
836,1585583450000,7135202,FNUOWR-A93,421.06,JMD
837,1585583450000,1829399,WFAAKR-T13,746.8,KRW
838,1585583450000,,AYZCXL-Z46,12.97,CNY
839,1585583450000,4233830,EJJEVR-G17,129.1,PHP
840,1585583450000,2875901,MQIVGU-Q56,326.58,CVE
841,1585583450000,,VITMCQ-V88,616.32,DJF
842,1585583450000,,MBAABT-E83,735.84,IDR
843,1585583450000,3074997,PTJHOC-F78,902.69,IDR
844,1585583450000,8471364,MGAWAD-I92,766.35,EUR
845,1585583450000,,RNYSUK-M59,194.29,PKR
846,1585583450000,3213071,YMSFIO-S00,32.93,CNY
847,1585583450000,,BBGQQK-Y00,788.24,ILS
848,1585583450000,5958415,NPSTGZ-Y16,604.4,MXN
849,1585583450000,,DRMSZQ-D75,816.22,USD
850,1585583450000,9151068,PXKAJJ-M94,316.45,EUR
851,1585583450000,7323548,FGFSKO-I18,137.3,PHP
852,1585583450000,7547945,WOZOJB-H63,113.58,RUB
853,1585583450000,4152700,BTZRXH-I95,452.32,IDR
854,1585583450000,,KQXTPY-C99,780.55,XOF
855,1585583450000,2223332,NFMIWY-T68,125.45,JPY
856,1585583450000,6315582,OKRGXB-L85,565.07,EUR
857,1585583450000,,MADEDM-I28,982.91,IDR
858,1585583450000,7788026,OJYBMZ-P32,771.95,IDR
859,1585583450000,9395046,EHOGVU-L88,25.36,EUR
860,1585583450000,8387063,SAEGYZ-A96,24.04,ILS
861,1585583450000,4426938,MJMOTJ-Y86,420.18,SEK
862,1585583450000,,XUPOLQ-T55,653.09,CAD
863,1585583450000,6089400,CSAUUU-V40,357.63,XOF
864,1585583450000,9105279,CTJADL-R77,319.17,CNY
865,1585583450000,7714274,CQXGGS-B88,326.14,PHP
866,1585583450000,7505447,EAOLDL-M90,898.14,PEN
867,1585583450000,,FUAFCM-E59,919.87,RSD
868,1585583450000,3008134,TQYRTC-R46,687.99,DOP
869,1585583450000,2090984,KBHEKX-N24,520.13,TND
870,1585583450000,8941646,KRYBQQ-F36,645.39,CNY
871,1585583450000,,AEIVRM-X49,384.53,CNY
872,1585583450000,2223332,LMWXQO-Y92,758.03,CLP
873,1585583450000,8926788,VCGJCZ-Q49,160.92,PHP
874,1585583450000,,ENENQN-S74,973.31,CNY
875,1585583450000,4147253,ORFUJH-Y27,362.29,MXN
876,1585583450000,7644569,DKEPSO-S74,978.59,RUB
877,1585583450000,1870536,RWLGKJ-G18,230,MAD
878,1585583450000,,EGBNLT-K34,90.33,IDR
879,1585583450000,,YIAWOJ-A53,643.93,BDT
880,1585583450000,,GWWVUZ-Z08,359.77,MMK
881,1585583450000,,XFXHVG-J61,121.91,CNY
882,1585583450000,9840379,CFYOFR-I66,752.6,SEK
883,1585583450000,7426874,IXXYNK-M38,48.41,NGN
884,1585583450000,4258386,XIXMZM-R23,30.18,IDR
885,1585583450000,,OFOHYV-F18,568.97,PHP
886,1585583450000,,QPWEEF-Z79,216.4,CNY
887,1585583450000,8926788,HAPGOE-A93,496,CNY
888,1585583450000,,PYWVFU-B76,938.59,ARS
889,1585583450000,3624576,GWADTM-Y64,930.16,EUR
890,1585583450000,3017450,QLEIXC-W18,530.64,BRL
891,1585583450000,8314097,RFIGGC-G13,902.9,SEK
892,1585583450000,7073288,FCIJUD-R06,80.71,EUR
893,1585583450000,2352070,VIYNKA-Z21,786.93,CNY
894,1585583450000,,LMOTVT-K13,882.13,CNY
895,1585583450000,4762391,IEUOMD-D82,183.76,PLN
896,1585583450000,1234009,SQPNHU-J74,798.08,EUR
897,1585583450000,,LTDEBB-L72,397.64,IDR
898,1585583450000,,RJDOEC-C50,853.03,THB
899,1585583450000,,HOQQLD-K45,537.45,UGX
900,1585583450000,6493015,ZXJRUG-N46,637.41,CZK
901,1585583450000,4503344,VYURFM-I30,117.51,CNY
902,1585583450000,,MHMBCD-L11,57.75,PHP
903,1585583450000,,FABDBI-C24,643.47,PHP
904,1585583450000,2247851,UPSQBA-G86,644.54,ARS
905,1585583450000,,LJBSQT-E78,309.49,PEN
906,1585583450000,6639748,SGUCSQ-T48,745.51,HRK
907,1585583450000,4309984,NKWZYZ-E86,636.93,UZS
908,1585583450000,9039131,LUONXK-O01,493.67,IDR
909,1585583450000,2704155,CNMHMC-D78,48.99,EUR
910,1585583450000,5651353,YWCYII-B97,312.39,CNY
911,1585583450000,,LSBALL-L89,546.92,EUR
912,1585583450000,,GGWGKU-B03,603.67,JOD
913,1585583450000,8133485,GAAFEH-O23,415.16,RUB
914,1585583450000,3979938,VNBSXQ-J57,570.87,RUB
915,1585583450000,2917136,SQZIGF-R47,39.87,NGN
916,1585583450000,,ETPZNN-C07,519.72,EUR
917,1585583450000,5109194,XXKWTV-B74,395.88,PLN
918,1585583450000,1561500,YQTROP-R41,117.47,KRW
919,1585583450000,3218488,EVJTAN-C65,606.9,USD
920,1585583450000,8749577,VDTGDR-D61,919.52,CNY
921,1585583450000,6638087,UWGDJV-U98,764.57,PEN
922,1585583450000,,GXTNEP-G67,664.42,CNY
923,1585583450000,2566326,ULXKHJ-W76,741.13,IDR
924,1585583450000,4679893,MYEQNP-Q72,616.79,JPY
925,1585583450000,7552092,TJHAHW-V67,751.93,EUR
926,1585583450000,1809069,TJUNPV-K07,692.09,KZT
927,1585583450000,5109194,MITGDE-B59,485.21,BRL
928,1585583450000,,XKSCJQ-Q53,860.73,CRC
929,1585583450000,,WZAQIO-U55,76.12,MNT
930,1585583450000,5749199,DERFTQ-Y53,763.87,ZAR
931,1585583450000,9177568,IUTQVM-E76,971.07,EUR
932,1585583450000,,NWOHQK-G87,396.17,IDR
933,1585583450000,,MNXTVV-D79,269.38,VND
934,1585583450000,1699379,YZKRYU-M20,319.49,COP
935,1585583450000,7409079,SYRTUE-R26,992.74,PHP
936,1585583450000,6932862,LQFGND-V23,176.33,EUR
937,1585583450000,3928008,NTLUXU-V81,276.11,IDR
938,1585583450000,,UBRCEL-C70,180.03,CNY
939,1585583450000,3784787,UEYVQK-C87,963.28,IDR
940,1585583450000,,LAJKOA-R58,866.8,PHP
941,1585583450000,4288013,WDGYTI-A17,206.31,CNY
942,1585583450000,,UAFNNO-R19,841.42,CNY
943,1585583450000,3986828,CDVNLW-H06,36.99,CNY
944,1585583450000,9931750,TGEXJK-Y07,375.91,UAH
945,1585583450000,,NYUJSH-I34,840.93,EUR
946,1585583450000,1587574,CXXGUO-E04,403.83,PLN
947,1585583450000,1856866,DHIPXW-E88,972.28,THB
948,1585583450000,6888264,GGPNFP-E98,818.1,IDR
949,1585583450000,7540305,RODASS-C69,428.08,AFN
950,1585583450000,9393113,YYRTMO-B31,395.7,ARS
951,1585583450000,2116659,RTWRWJ-W56,421.96,PHP
952,1585583450000,,IFMBJT-L04,431.75,CZK
953,1585583450000,6057479,NUTVSC-Y46,658.16,YER
954,1585583450000,,YCIMCJ-R67,946.7,AZN
955,1585583450000,9029588,IZDOGE-T12,356.01,ETB
956,1585583450000,,KHNNVW-T97,378.03,IDR
957,1585583450000,,VWVKDW-Z06,323.12,BRL
958,1585583450000,5185653,KNWHCS-B81,914.27,PHP
959,1585583450000,4055251,TFWTMG-Q77,13.47,COP
960,1585583450000,9677788,CWJIJL-N06,687.76,IDR
961,1585583450000,5651353,LKWQFD-Q98,599.86,IDR
962,1585583450000,5218793,BJDYKZ-N72,151.17,IDR
963,1585583450000,,IFUZKE-W85,676.14,SAR
964,1585583450000,,FZKEJY-C79,440.58,ARS
965,1585583450000,2656100,MUQCNC-S16,869.87,USD
966,1585583450000,8630396,MCHSXI-H41,201.25,THB
967,1585583450000,2265347,TDJQLL-L46,220.89,EUR
968,1585583450000,1915577,AXLNXF-Z60,544.48,EUR
969,1585583450000,,KUNFDI-Q56,252.78,NIO
970,1585583450000,4489580,HKXURC-J28,39.7,CNY
971,1585583450000,9677788,VRENGS-K30,425.51,EUR
972,1585583450000,8556100,BSHKIS-K52,817.98,XOF
973,1585583450000,2442511,ZXGRCV-A68,597.42,RUB
974,1585583450000,2542825,FXXPVS-U53,615.62,BYR
975,1585583450000,,EHGEJT-X75,99.7,USD
976,1585583450000,,JOYPPR-L72,891.67,PLN
977,1585583450000,3262467,YLHCQC-Y45,172,PHP
978,1585583450000,,AFIXDM-W92,469.16,CNY
979,1585583450000,1586580,GZTXVI-M79,947.97,IDR
980,1585583450000,4789657,MDILVK-J52,52.81,PHP
981,1585583450000,3893972,RUGZGG-V60,722.56,CNY
982,1585583450000,,EBYMII-J10,422.63,EUR
983,1585583450000,9456066,EEZDED-I10,54.95,CNY
984,1585583450000,,XKGCRA-A51,297.45,ZWL
985,1585583450000,,OAHVLT-U84,715.48,CNY
986,1585583450000,,RXDCWR-G92,58.12,SEK
987,1585583450000,5795403,NMOKAK-P35,370,RUB
988,1585583450000,3564041,QYIFFR-L70,125.54,CNY
989,1585583450000,1561500,SPJJZC-F62,283.28,IDR
990,1585583450000,2315355,EPKFDO-K07,480.83,CNY
991,1585583450000,,EHJBZV-X75,71.9,UAH
992,1585583450000,,GZNINT-B97,122.87,PLN
993,1585583450000,,PAJKDK-F88,298.52,IDR
994,1585583450000,6732650,RKKWIQ-N26,462.69,ALL
995,1585583450000,2662635,QLSTTI-B76,617.75,EGP
996,1585583450000,8762957,BFLMBI-U43,920.39,MNT
997,1585583450000,,NJAIUU-W33,632.48,EUR
998,1585583450000,3366116,IQFZOD-B47,913.12,RUB
999,1585583450000,7562714,CLYRYF-Z60,601.01,EUR
1000,1585583450000,,DFZSEA-H53,474.78,CNY