<?xml version="1.0" encoding="UTF-8"?><unload unload_date="2020-10-19 13:54:32">
<sys_remote_update_set action="INSERT_OR_UPDATE">
<application display_value="Global">global</application>
<application_name>Global</application_name>
<application_scope>global</application_scope>
<application_version/>
<collisions/>
<commit_date/>
<deleted/>
<description/>
<inserted/>
<name>AEP Widget On Agent Workspace</name>
<origin_sys_id/>
<parent display_value=""/>
<release_date/>
<remote_base_update_set display_value=""/>
<remote_parent_id/>
<remote_sys_id>1b209a8c2f0020108217dcb6f699b659</remote_sys_id>
<state>loaded</state>
<summary/>
<sys_class_name>sys_remote_update_set</sys_class_name>
<sys_created_by>sharath.lagisetty</sys_created_by>
<sys_created_on>2020-10-19 13:54:31</sys_created_on>
<sys_id>3f01de8c2f0020108217dcb6f699b62c</sys_id>
<sys_mod_count>0</sys_mod_count>
<sys_updated_by>sharath.lagisetty</sys_updated_by>
<sys_updated_on>2020-10-19 13:54:31</sys_updated_on>
<update_set display_value=""/>
<update_source display_value=""/>
<updated/>
</sys_remote_update_set>
<sys_update_xml action="INSERT_OR_UPDATE">
<action>INSERT_OR_UPDATE</action>
<application display_value="Global">global</application>
<category>customer</category>
<comments/>
<name>sys_ux_lib_source_script_fb5429d51bf9c41091bf0d8cdc4bcbc7</name>
<payload>&lt;?xml version="1.0" encoding="UTF-8"?&gt;&lt;record_update&gt;&lt;sys_ux_lib_source_script action="INSERT_OR_UPDATE"&gt;
&lt;externals/&gt;
&lt;inner_components/&gt;
&lt;name&gt;AEP Source&lt;/name&gt;
&lt;script&gt;&lt;![CDATA[var __TECTONIC__sn_component_aep=function(n){var e={};function t(i){if(e[i])return e[i].exports;var r=e[i]={i:i,l:!1,exports:{}};return n[i].call(r.exports,r,r.exports,t),r.l=!0,r.exports}return t.m=n,t.c=e,t.d=function(n,e,i){t.o(n,e)||Object.defineProperty(n,e,{enumerable:!0,get:i})},t.r=function(n){"undefined"!=typeof Symbol&amp;&amp;Symbol.toStringTag&amp;&amp;Object.defineProperty(n,Symbol.toStringTag,{value:"Module"}),Object.defineProperty(n,"__esModule",{value:!0})},t.t=function(n,e){if(1&amp;e&amp;&amp;(n=t(n)),8&amp;e)return n;if(4&amp;e&amp;&amp;"object"==typeof n&amp;&amp;n&amp;&amp;n.__esModule)return n;var i=Object.create(null);if(t.r(i),Object.defineProperty(i,"default",{enumerable:!0,value:n}),2&amp;e&amp;&amp;"string"!=typeof n)for(var r in n)t.d(i,r,function(e){return n[e]}.bind(null,r));return i},t.n=function(n){var e=n&amp;&amp;n.__esModule?function(){return n.default}:function(){return n};return t.d(e,"a",e),e},t.o=function(n,e){return Object.prototype.hasOwnProperty.call(n,e)},t.p="",t(t.s=12)}([function(n,e){n.exports=__TECTONIC__$servicenow_ui_renderer_snabbdom},function(n,e){n.exports=function(n){var e=[];return e.toString=function(){return this.map(function(e){var t=function(n,e){var t=n[1]||"",i=n[3];if(!i)return t;if(e&amp;&amp;"function"==typeof btoa){var r=function(n){return"/*# sourceMappingURL=data:application/json;charset=utf-8;base64,"+btoa(unescape(encodeURIComponent(JSON.stringify(n))))+" */"}(i),o=i.sources.map(function(n){return"/*# sourceURL="+i.sourceRoot+n+" */"});return[t].concat(o).concat([r]).join("\n")}return[t].join("\n")}(e,n);return e[2]?"@media "+e[2]+"{"+t+"}":t}).join("")},e.i=function(n,t){"string"==typeof n&amp;&amp;(n=[[null,n,""]]);for(var i={},r=0;r&lt;this.length;r++){var o=this[r][0];"number"==typeof o&amp;&amp;(i[o]=!0)}for(r=0;r&lt;n.length;r++){var a=n[r];"number"==typeof a[0]&amp;&amp;i[a[0]]||(t&amp;&amp;!a[2]?a[2]=t:t&amp;&amp;(a[2]="("+a[2]+") and ("+t+")"),e.push(a))}},e}},function(n,e,t){(n.exports=t(1)(!1)).push([n.i,':host{box-sizing:border-box;line-height:var(--now-line-height,1.25);font-family:var(--now-font-family,"Source Sans Pro","Helvetica Neue",helvetica,arial,sans-serif)}:host([hidden]){display:none}*,:after,:before{box-sizing:border-box}.now-m-block--xxs{margin-block-start:.125rem;margin-block-end:.125rem}.now-m-block--xs{margin-block-start:.25rem;margin-block-end:.25rem}.now-m-block--sm{margin-block-start:.5rem;margin-block-end:.5rem}.now-m-block--md{margin-block-start:.75rem;margin-block-end:.75rem}.now-m-block--lg{margin-block-start:1rem;margin-block-end:1rem}.now-m-block--xl{margin-block-start:1.5rem;margin-block-end:1.5rem}.now-m-block--xxl{margin-block-start:2rem;margin-block-end:2rem}.now-m-block--3xl{margin-block-start:2.5rem;margin-block-end:2.5rem}.now-m-block--0{margin-block-start:0;margin-block-end:0}.now-m-block-start--xxs{margin-block-start:.125rem}.now-m-block-start--xs{margin-block-start:.25rem}.now-m-block-start--sm{margin-block-start:.5rem}.now-m-block-start--md{margin-block-start:.75rem}.now-m-block-start--lg{margin-block-start:1rem}.now-m-block-start--xl{margin-block-start:1.5rem}.now-m-block-start--xxl{margin-block-start:2rem}.now-m-block-start--3xl{margin-block-start:2.5rem}.now-m-block-start--0{margin-block-start:0}.now-m-block-end--xxs{margin-block-end:.125rem}.now-m-block-end--xs{margin-block-end:.25rem}.now-m-block-end--sm{margin-block-end:.5rem}.now-m-block-end--md{margin-block-end:.75rem}.now-m-block-end--lg{margin-block-end:1rem}.now-m-block-end--xl{margin-block-end:1.5rem}.now-m-block-end--xxl{margin-block-end:2rem}.now-m-block-end--3xl{margin-block-end:2.5rem}.now-m-block-end--0{margin-block-end:0}.now-m-inline--xxs{margin-inline-start:.125rem;margin-inline-end:.125rem}.now-m-inline--xs{margin-inline-start:.25rem;margin-inline-end:.25rem}.now-m-inline--sm{margin-inline-start:.5rem;margin-inline-end:.5rem}.now-m-inline--md{margin-inline-start:.75rem;margin-inline-end:.75rem}.now-m-inline--lg{margin-inline-start:1rem;margin-inline-end:1rem}.now-m-inline--xl{margin-inline-start:1.5rem;margin-inline-end:1.5rem}.now-m-inline--xxl{margin-inline-start:2rem;margin-inline-end:2rem}.now-m-inline--3xl{margin-inline-start:2.5rem;margin-inline-end:2.5rem}.now-m-inline--0{margin-inline-start:0;margin-inline-end:0}.now-m-inline-start--xxs{margin-inline-start:.125rem}.now-m-inline-start--xs{margin-inline-start:.25rem}.now-m-inline-start--sm{margin-inline-start:.5rem}.now-m-inline-start--md{margin-inline-start:.75rem}.now-m-inline-start--lg{margin-inline-start:1rem}.now-m-inline-start--xl{margin-inline-start:1.5rem}.now-m-inline-start--xxl{margin-inline-start:2rem}.now-m-inline-start--3xl{margin-inline-start:2.5rem}.now-m-inline-start--0{margin-inline-start:0}.now-m-inline-end--xxs{margin-inline-end:.125rem}.now-m-inline-end--xs{margin-inline-end:.25rem}.now-m-inline-end--sm{margin-inline-end:.5rem}.now-m-inline-end--md{margin-inline-end:.75rem}.now-m-inline-end--lg{margin-inline-end:1rem}.now-m-inline-end--xl{margin-inline-end:1.5rem}.now-m-inline-end--xxl{margin-inline-end:2rem}.now-m-inline-end--3xl{margin-inline-end:2.5rem}.now-m-inline-end--0{margin-inline-end:0}.now-p-block--xxs{padding-block-start:.125rem;padding-block-end:.125rem}.now-p-block--xs{padding-block-start:.25rem;padding-block-end:.25rem}.now-p-block--sm{padding-block-start:.5rem;padding-block-end:.5rem}.now-p-block--md{padding-block-start:.75rem;padding-block-end:.75rem}.now-p-block--lg{padding-block-start:1rem;padding-block-end:1rem}.now-p-block--xl{padding-block-start:1.5rem;padding-block-end:1.5rem}.now-p-block--xxl{padding-block-start:2rem;padding-block-end:2rem}.now-p-block--3xl{padding-block-start:2.5rem;padding-block-end:2.5rem}.now-p-block--0{padding-block-start:0;padding-block-end:0}.now-p-block-start--xxs{padding-block-start:.125rem}.now-p-block-start--xs{padding-block-start:.25rem}.now-p-block-start--sm{padding-block-start:.5rem}.now-p-block-start--md{padding-block-start:.75rem}.now-p-block-start--lg{padding-block-start:1rem}.now-p-block-start--xl{padding-block-start:1.5rem}.now-p-block-start--xxl{padding-block-start:2rem}.now-p-block-start--3xl{padding-block-start:2.5rem}.now-p-block-start--0{padding-block-start:0}.now-p-block-end--xxs{padding-block-end:.125rem}.now-p-block-end--xs{padding-block-end:.25rem}.now-p-block-end--sm{padding-block-end:.5rem}.now-p-block-end--md{padding-block-end:.75rem}.now-p-block-end--lg{padding-block-end:1rem}.now-p-block-end--xl{padding-block-end:1.5rem}.now-p-block-end--xxl{padding-block-end:2rem}.now-p-block-end--3xl{padding-block-end:2.5rem}.now-p-block-end--0{padding-block-end:0}.now-p-inline--xxs{padding-inline-start:.125rem;padding-inline-end:.125rem}.now-p-inline--xs{padding-inline-start:.25rem;padding-inline-end:.25rem}.now-p-inline--sm{padding-inline-start:.5rem;padding-inline-end:.5rem}.now-p-inline--md{padding-inline-start:.75rem;padding-inline-end:.75rem}.now-p-inline--lg{padding-inline-start:1rem;padding-inline-end:1rem}.now-p-inline--xl{padding-inline-start:1.5rem;padding-inline-end:1.5rem}.now-p-inline--xxl{padding-inline-start:2rem;padding-inline-end:2rem}.now-p-inline--3xl{padding-inline-start:2.5rem;padding-inline-end:2.5rem}.now-p-inline--0{padding-inline-start:0;padding-inline-end:0}.now-p-inline-start--xxs{padding-inline-start:.125rem}.now-p-inline-start--xs{padding-inline-start:.25rem}.now-p-inline-start--sm{padding-inline-start:.5rem}.now-p-inline-start--md{padding-inline-start:.75rem}.now-p-inline-start--lg{padding-inline-start:1rem}.now-p-inline-start--xl{padding-inline-start:1.5rem}.now-p-inline-start--xxl{padding-inline-start:2rem}.now-p-inline-start--3xl{padding-inline-start:2.5rem}.now-p-inline-start--0{padding-inline-start:0}.now-p-inline-end--xxs{padding-inline-end:.125rem}.now-p-inline-end--xs{padding-inline-end:.25rem}.now-p-inline-end--sm{padding-inline-end:.5rem}.now-p-inline-end--md{padding-inline-end:.75rem}.now-p-inline-end--lg{padding-inline-end:1rem}.now-p-inline-end--xl{padding-inline-end:1.5rem}.now-p-inline-end--xxl{padding-inline-end:2rem}.now-p-inline-end--3xl{padding-inline-end:2.5rem}.now-p-inline-end--0{padding-inline-end:0}:host{display:block}.aep--tabindex{outline-width:0}.now-label-value-label{padding-bottom:10px}.analytics{height:100%;margin:auto;white-space:nowrap}.valueButton{margin-top:10px;width:100px}.product-interest{margin-top:30px}.sn-widget{background:RGB(var(--now-color--neutral-0,255,255,255));border:1px solid;border-color:rgb(var(--now-color--neutral-3,209,214,214));border-radius:.125rem;display:flex;flex:1 1 auto;flex-direction:column;height:12.0625rem;padding:.5rem;position:relative}.sn-widget-header{align-items:center;border-bottom:1px solid;border-bottom-color:rgb(var(--now-color--neutral-3,209,214,214));font-size:1rem;color:RGB(var(--now-color--text-primary,22,27,28));display:flex;flex-shrink:0;height:1.375rem;justify-content:space-between;padding:0 0 .5rem}.sn-widget-header-content{color:RGB(var(--now-color--neutral-18,22,27,28))}.sn-widget-header-content:first-of-type{margin-right:.5rem}.sn-widget-body{flex:1 1 auto;flex-direction:column;position:relative}.sn-widget-body,.sn-widget-footer{display:flex;justify-content:center;padding:.5rem 0 0}.sn-widget-row{display:flex;flex:0 0 auto;padding-bottom:.5rem;position:relative;width:100%}.sn-widget-row:last-of-type{padding-bottom:0}.sn-widget-column{display:flex;flex:1 1 auto;flex-direction:column;min-width:50%;overflow:hidden;padding:0 .25rem}.sn-widget-column.is-error{align-items:center;justify-content:center}.sn-widget-column&gt;span{display:block;font-size:.75rem;font-style:italic;text-align:center}.sn-widget-table{border:none;border-collapse:collapse;font-size:.75rem;margin:0;padding:0;position:relative;table-layout:fixed;width:100%}.sn-widget-table-row{overflow:hidden;padding-bottom:.25rem;position:relative;width:100%}.sn-widget-table-row:last-of-type .sn-widget-table-cell{margin-bottom:0}.sn-widget-table-cell{padding:0 0 .5rem 1rem;position:relative;vertical-align:top}.sn-widget-table-cell:first-of-type{padding:0 0 0 3.125rem}.sn-widget-table-cell:last-of-type{margin-right:0}.sn-widget-table-content{display:block;position:relative;white-space:normal}.sn-widget-table-content:last-of-type{margin-right:0}.sn-widget-line-height-crop:after,.sn-widget-line-height-crop:before{content:"";display:block;width:0;height:0}.sn-widget-line-height-crop:before{margin-block-end:calc(var(--now-line-height-crop--before, -.25em)*1)}.sn-widget-line-height-crop:after{margin-block-start:calc(var(--now-line-height-crop--after, -.125em)*1)}.sn-widget-line-height-crop+.sn-widget-line-height-crop{margin-block-start:calc(var(--now-line-height-crop--before, -.25em)*1*-1)}.sn-widget-label-value{font-size:.75rem;margin:0 auto}.sn-widget-label-value-label{color:RGB(var(--now-color--text-tertiary,99,114,116))}.sn-widget-label-value-label,.sn-widget-label-value-value{overflow:hidden;white-space:nowrap;text-overflow:ellipsis}.sn-widget-label-value-pair&gt;dt{margin-bottom:.125rem}.sn-widget-label-value-pair&gt;dd{margin-left:0}',""])},function(n,e,t){var i=t(2);n.exports="string"==typeof i?i:i.toString()},function(n,e){n.exports=__TECTONIC__$servicenow_ui_effect_update_state},function(n,e){n.exports=__TECTONIC__$servicenow_ui_effect_graphql},function(n,e){n.exports=__TECTONIC__$servicenow_ui_core},function(n,e){n.exports=__TECTONIC__$servicenow_now_modal},function(n,e){n.exports=__TECTONIC__$servicenow_now_label_value},function(n,e){n.exports=__TECTONIC__$servicenow_now_button},function(n,e,t){"use strict";var i=Object.assign||function(n){for(var e=1;e&lt;arguments.length;e++){var t=arguments[e];for(var i in t)Object.prototype.hasOwnProperty.call(t,i)&amp;&amp;(n[i]=t[i])}return n},r=(t(0),t(0)),o=c(r);t(9),t(8),t(7);var a=t(6),l=t(5),d=t(4),s=c(t(3));function c(n){return n&amp;&amp;n.__esModule?n:{default:n}}o.default.createElement;var m=(0,d.createUpdateStateEffect)(function(n,e){var t=e.payload.data.GlideRecord_Query.sn_customerservice_case._results[0].contact._reference.account._reference.u_churn_score,r=e.payload.data.GlideRecord_Query.sn_customerservice_case._results[0].contact._reference.account._reference.u_product_affinity,o=e.payload.data.GlideRecord_Query.sn_customerservice_case._results[0].contact._reference.account._reference.u_product_interest;return t=t?t.value:n.churnScore,r=r?r.value:n.productAffinity,o=o?o.value:n.productInterest,i({},n,{churnScore:t,productAffinity:r,productInterest:o})}),p=(0,d.createUpdateStateEffect)(function(n,e){var t=e.payload.field;return i({},n,{modal:t})}),g=(0,l.createGraphQLEffect)("query ($sys_id: String) {\n\tGlideRecord_Query {\n\t\tsn_customerservice_case(sys_id: $sys_id) {\n\t\t\t_results {\n\t\t\t\tcontact {\n\t\t\t\t\t_reference {\n\t\t\t\t\t\taccount {\n\t\t\t\t\t\t\tvalue\n\t\t\t\t\t\t\tdisplayValue\n\t\t\t\t\t\t\t_reference {\n\t\t\t\t\t\t\t\tname {\n\t\t\t\t\t\t\t\t\tvalue\n\t\t\t\t\t\t\t\t\tdisplayValue\n\t\t\t\t\t\t\t\t}\n\t\t\t\t\t\t\t\tactive_escalation {\n\t\t\t\t\t\t\t\t\tvalue\n\t\t\t\t\t\t\t\t\t_reference {\n\t\t\t\t\t\t\t\t\t\tstate {\n\t\t\t\t\t\t\t\t\t\t\tvalue\n\t\t\t\t\t\t\t\t\t\t\tdisplayValue\n\t\t\t\t\t\t\t\t\t\t}\n\t\t\t\t\t\t\t\t\t}\n\t\t\t\t\t\t\t\t}\n\t\t\t\t\t\t\t\tu_churn_score {\n\t\t\t\t\t\t\t\t\tvalue\n\t\t\t\t\t\t\t\t}\n\t\t\t\t\t\t\t\tu_product_affinity {\n\t\t\t\t\t\t\t\t\tvalue\n\t\t\t\t\t\t\t\t}\n                u_product_interest {\n                  value\n                }\n\t\t\t\t\t\t\t}\n\t\t\t\t\t\t}\n\t\t\t\t\t}\n\t\t\t\t}\n\t\t\t}\n\t\t}\n\t}\n}",{variableList:["sys_id"],successActionType:"ACCOUNT_FETCH_SUCCEEDED",errorActionType:"ACCOUNT_FETCH_FAILED"});(0,a.createCustomElement)("sn-aep-ribbon",{renderer:{type:o.default,view:function(n,e){if(console.log("state.churnScore : "+JSON.stringify(n.churnScore)),console.log("state.productAffinity : "+JSON.stringify(n.productAffinity)),n.modal){var t=void 0,i=void 0;switch(n.modal){case"churn":t=(0,r.createElement)("div",null,"[inform customer]:",(0,r.createElement)("br",null),(0,r.createElement)("p",null,"We appreciate your business. We consider you as a valuable customer, and I am happy to inform you, that we have granted you immediate discount of 10% for the next 6 months."),(0,r.createElement)("p",null,"We can offer you also an additional 15% of discount, if you decide to extend your subscription for the next 12 months."),(0,r.createElement)("p",null,"I’m sending you a confirmation email with all the details.")),i="Churn Score";break;default:t="Product affinity instructions",i="Product Usage"}return(0,r.createElement)("now-modal",{opened:!0,size:"md","header-label":i,"footer-actions":'[ { "variant": "primary", "label": "Close" } ]'},t)}console.log("after modal check");var o=n.churnScore,a=n.productAffinity;n.churnScore||(tmpChurchScore="N/A"),n.productAffinity||(a="N/A"),console.log("after tmp");var l="secondary",d=o.replace(/^\w/,function(n){return n.toUpperCase()});"LOW"===d.toUpperCase()?l="primary":"MEDIUM"===d.toUpperCase()?l="secondary-positive":"HIGH"===d.toUpperCase()&amp;&amp;(l="primary-negative"),console.log("after score");var s=a.replace(/^\w/,function(n){return n.toUpperCase()}),c="secondary";"LOW"===s.toUpperCase()?c="primary-negative":"MEDIUM"===s.toUpperCase()?c="secondary-positive":"HIGH"===s.toUpperCase()&amp;&amp;(c="primary"),console.log("after affinity");var m=void 0;return n.productInterest&amp;&amp;(m=(0,r.createElement)("div",{className:"product-interest"},(0,r.createElement)("now-label-value-stacked",{items:[{label:"Product Interest:",value:{type:"jsx",value:(0,r.createElement)("div",{style:{"padding-top":"10px"}},n.productInterest)}}],align:"horizontal",className:"now-m-block-start--sm"}))),console.log("after productInterest"),(0,r.createElement)("div",{className:"sn-widget",tabIndex:"0"},(0,r.createElement)("div",{className:"sn-widget-header"},(0,r.createElement)("div",{className:"sn-widget-header-content aep--tabindex",role:"heading","aria-label":"Customer Insights","aria-level":"1"},"Customer Insights")),(0,r.createElement)("div",{className:"sn-widget-body"},(0,r.createElement)("div",{className:"analytics"},(0,r.createElement)("now-label-value-stacked",{items:[{label:"Churn Score",value:{type:"jsx",value:(0,r.createElement)("now-button",{style:{"padding-top":"10px",width:"90px"},label:d,variant:l,size:"md","append-to-payload":{field:"churn"}})}},{label:"Product Usage",value:{type:"jsx",value:(0,r.createElement)("now-button",{style:{"padding-top":"10px",width:"90px"},label:s,variant:c,size:"md","append-to-payload":{field:"affinity"}})}}],align:"horizontal-equal",className:"now-m-block-start--sm"}),m)))}},initialState:{churnScore:"N/A",productAffinity:"N/A",productInterest:""},actionHandlers:{ACCOUNT_FETCH_REQUESTED:g,ACCOUNT_FETCH_SUCCEEDED:m,ACCOUNT_FETCH_FAILED:function(n){n.action;alert("Table Item fetch failed!")},"NOW_BUTTON#CLICKED":p},properties:{sysid:{default:""}},onBootstrap:function(n,e){console.log("host: "+JSON.stringify(n.sysid)),e("ACCOUNT_FETCH_REQUESTED",{sys_id:n.sysid})},styles:s.default})},function(n,e,t){"use strict";t(10)},function(n,e,t){n.exports=t(11)}]);
//# sourceMappingURL=/scripts/sn-component-aep/sn-component-aep.min.js.map]]&gt;&lt;/script&gt;
&lt;script_link/&gt;
&lt;sys_class_name&gt;sys_ux_lib_source_script&lt;/sys_class_name&gt;
&lt;sys_created_by&gt;brian.yamabe@snc&lt;/sys_created_by&gt;
&lt;sys_created_on&gt;2019-12-17 15:19:31&lt;/sys_created_on&gt;
&lt;sys_id&gt;fb5429d51bf9c41091bf0d8cdc4bcbc7&lt;/sys_id&gt;
&lt;sys_mod_count&gt;1&lt;/sys_mod_count&gt;
&lt;sys_name&gt;AEP Source&lt;/sys_name&gt;
&lt;sys_package display_value="Global" source="global"&gt;global&lt;/sys_package&gt;
&lt;sys_policy/&gt;
&lt;sys_scope display_value="Global"&gt;global&lt;/sys_scope&gt;
&lt;sys_update_name&gt;sys_ux_lib_source_script_fb5429d51bf9c41091bf0d8cdc4bcbc7&lt;/sys_update_name&gt;
&lt;sys_updated_by&gt;brian.yamabe@snc&lt;/sys_updated_by&gt;
&lt;sys_updated_on&gt;2019-12-17 15:19:54&lt;/sys_updated_on&gt;
&lt;type&gt;script&lt;/type&gt;
&lt;/sys_ux_lib_source_script&gt;&lt;/record_update&gt;</payload>
<payload_hash>-742948723</payload_hash>
<remote_update_set display_value="AEP Widget On Agent Workspace">3f01de8c2f0020108217dcb6f699b62c</remote_update_set>
<replace_on_upgrade>false</replace_on_upgrade>
<sys_created_by>sharath.lagisetty</sys_created_by>
<sys_created_on>2020-10-19 13:54:31</sys_created_on>
<sys_id>3b01de8c2f0020108217dcb6f699b62d</sys_id>
<sys_mod_count>0</sys_mod_count>
<sys_recorded_at>1740c0e837d0000001</sys_recorded_at>
<sys_updated_by>sharath.lagisetty</sys_updated_by>
<sys_updated_on>2020-10-19 13:54:31</sys_updated_on>
<table/>
<target_name>AEP Source</target_name>
<type>UX Source Code</type>
<update_domain>global</update_domain>
<update_guid>b5bb4df89136d0103d6fa2178941771f</update_guid>
<update_guid_history>b5bb4df89136d0103d6fa2178941771f:-742948723,2076c974bb36d010f50275ac3f2d3d7d:-164912889,d6c149b07f36d0109a4f9a0ebaee968a:1393611565,bddcb87cccf2d01079dce9b878757850:1018926192</update_guid_history>
<update_set display_value=""/>
<view/>
</sys_update_xml>
<sys_update_xml action="INSERT_OR_UPDATE">
<action>INSERT_OR_UPDATE</action>
<application display_value="Global">global</application>
<category>customer</category>
<comments/>
<name>sys_ux_lib_source_script_f387a26d4f72c1f073661c8a868bb712</name>
<payload>&lt;?xml version="1.0" encoding="UTF-8"?&gt;&lt;record_update&gt;&lt;sys_ux_lib_source_script action="INSERT_OR_UPDATE"&gt;
&lt;engine&gt;18&lt;/engine&gt;
&lt;externals/&gt;
&lt;inner_components&gt;bfa7b314530000105b14ddeeff7b12de,47d45f480328fb8f06fe340ae19601e2&lt;/inner_components&gt;
&lt;name&gt;AEP Source Paris&lt;/name&gt;
&lt;script&gt;&lt;![CDATA[var __TECTONIC__sn_component_aep=function(e){var n={};function t(i){if(n[i])return n[i].exports;var r=n[i]={i:i,l:!1,exports:{}};return e[i].call(r.exports,r,r.exports,t),r.l=!0,r.exports}return t.m=e,t.c=n,t.d=function(e,n,i){t.o(e,n)||Object.defineProperty(e,n,{enumerable:!0,get:i})},t.r=function(e){"undefined"!=typeof Symbol&amp;&amp;Symbol.toStringTag&amp;&amp;Object.defineProperty(e,Symbol.toStringTag,{value:"Module"}),Object.defineProperty(e,"__esModule",{value:!0})},t.t=function(e,n){if(1&amp;n&amp;&amp;(e=t(e)),8&amp;n)return e;if(4&amp;n&amp;&amp;"object"==typeof e&amp;&amp;e&amp;&amp;e.__esModule)return e;var i=Object.create(null);if(t.r(i),Object.defineProperty(i,"default",{enumerable:!0,value:e}),2&amp;n&amp;&amp;"string"!=typeof e)for(var r in e)t.d(i,r,function(n){return e[n]}.bind(null,r));return i},t.n=function(e){var n=e&amp;&amp;e.__esModule?function(){return e.default}:function(){return e};return t.d(n,"a",n),n},t.o=function(e,n){return Object.prototype.hasOwnProperty.call(e,n)},t.p="",t(t.s=12)}([function(e,n){e.exports=__TECTONIC__$servicenow_ui_renderer_snabbdom},function(e,n){e.exports=function(e){var n=[];return n.toString=function(){return this.map(function(n){var t=function(e,n){var t=e[1]||"",i=e[3];if(!i)return t;if(n&amp;&amp;"function"==typeof btoa){var r=function(e){return"/*# sourceMappingURL=data:application/json;charset=utf-8;base64,"+btoa(unescape(encodeURIComponent(JSON.stringify(e))))+" */"}(i),o=i.sources.map(function(e){return"/*# sourceURL="+i.sourceRoot+e+" */"});return[t].concat(o).concat([r]).join("\n")}return[t].join("\n")}(n,e);return n[2]?"@media "+n[2]+"{"+t+"}":t}).join("")},n.i=function(e,t){"string"==typeof e&amp;&amp;(e=[[null,e,""]]);for(var i={},r=0;r&lt;this.length;r++){var o=this[r][0];"number"==typeof o&amp;&amp;(i[o]=!0)}for(r=0;r&lt;e.length;r++){var a=e[r];"number"==typeof a[0]&amp;&amp;i[a[0]]||(t&amp;&amp;!a[2]?a[2]=t:t&amp;&amp;(a[2]="("+a[2]+") and ("+t+")"),n.push(a))}},n}},function(e,n,t){(e.exports=t(1)(!1)).push([e.i,':host{box-sizing:border-box;line-height:var(--now-line-height,1.25);font-family:var(--now-font-family,"Source Sans Pro","Helvetica Neue",helvetica,arial,sans-serif)}:host([hidden]){display:none}*,:after,:before{box-sizing:border-box}.now-m-block--xxs{margin-block-start:.125rem;margin-block-end:.125rem}.now-m-block--xs{margin-block-start:.25rem;margin-block-end:.25rem}.now-m-block--sm{margin-block-start:.5rem;margin-block-end:.5rem}.now-m-block--md{margin-block-start:.75rem;margin-block-end:.75rem}.now-m-block--lg{margin-block-start:1rem;margin-block-end:1rem}.now-m-block--xl{margin-block-start:1.5rem;margin-block-end:1.5rem}.now-m-block--xxl{margin-block-start:2rem;margin-block-end:2rem}.now-m-block--3xl{margin-block-start:2.5rem;margin-block-end:2.5rem}.now-m-block--0{margin-block-start:0;margin-block-end:0}.now-m-block-start--xxs{margin-block-start:.125rem}.now-m-block-start--xs{margin-block-start:.25rem}.now-m-block-start--sm{margin-block-start:.5rem}.now-m-block-start--md{margin-block-start:.75rem}.now-m-block-start--lg{margin-block-start:1rem}.now-m-block-start--xl{margin-block-start:1.5rem}.now-m-block-start--xxl{margin-block-start:2rem}.now-m-block-start--3xl{margin-block-start:2.5rem}.now-m-block-start--0{margin-block-start:0}.now-m-block-end--xxs{margin-block-end:.125rem}.now-m-block-end--xs{margin-block-end:.25rem}.now-m-block-end--sm{margin-block-end:.5rem}.now-m-block-end--md{margin-block-end:.75rem}.now-m-block-end--lg{margin-block-end:1rem}.now-m-block-end--xl{margin-block-end:1.5rem}.now-m-block-end--xxl{margin-block-end:2rem}.now-m-block-end--3xl{margin-block-end:2.5rem}.now-m-block-end--0{margin-block-end:0}.now-m-inline--xxs{margin-inline-start:.125rem;margin-inline-end:.125rem}.now-m-inline--xs{margin-inline-start:.25rem;margin-inline-end:.25rem}.now-m-inline--sm{margin-inline-start:.5rem;margin-inline-end:.5rem}.now-m-inline--md{margin-inline-start:.75rem;margin-inline-end:.75rem}.now-m-inline--lg{margin-inline-start:1rem;margin-inline-end:1rem}.now-m-inline--xl{margin-inline-start:1.5rem;margin-inline-end:1.5rem}.now-m-inline--xxl{margin-inline-start:2rem;margin-inline-end:2rem}.now-m-inline--3xl{margin-inline-start:2.5rem;margin-inline-end:2.5rem}.now-m-inline--0{margin-inline-start:0;margin-inline-end:0}.now-m-inline-start--xxs{margin-inline-start:.125rem}.now-m-inline-start--xs{margin-inline-start:.25rem}.now-m-inline-start--sm{margin-inline-start:.5rem}.now-m-inline-start--md{margin-inline-start:.75rem}.now-m-inline-start--lg{margin-inline-start:1rem}.now-m-inline-start--xl{margin-inline-start:1.5rem}.now-m-inline-start--xxl{margin-inline-start:2rem}.now-m-inline-start--3xl{margin-inline-start:2.5rem}.now-m-inline-start--0{margin-inline-start:0}.now-m-inline-end--xxs{margin-inline-end:.125rem}.now-m-inline-end--xs{margin-inline-end:.25rem}.now-m-inline-end--sm{margin-inline-end:.5rem}.now-m-inline-end--md{margin-inline-end:.75rem}.now-m-inline-end--lg{margin-inline-end:1rem}.now-m-inline-end--xl{margin-inline-end:1.5rem}.now-m-inline-end--xxl{margin-inline-end:2rem}.now-m-inline-end--3xl{margin-inline-end:2.5rem}.now-m-inline-end--0{margin-inline-end:0}.now-p-block--xxs{padding-block-start:.125rem;padding-block-end:.125rem}.now-p-block--xs{padding-block-start:.25rem;padding-block-end:.25rem}.now-p-block--sm{padding-block-start:.5rem;padding-block-end:.5rem}.now-p-block--md{padding-block-start:.75rem;padding-block-end:.75rem}.now-p-block--lg{padding-block-start:1rem;padding-block-end:1rem}.now-p-block--xl{padding-block-start:1.5rem;padding-block-end:1.5rem}.now-p-block--xxl{padding-block-start:2rem;padding-block-end:2rem}.now-p-block--3xl{padding-block-start:2.5rem;padding-block-end:2.5rem}.now-p-block--0{padding-block-start:0;padding-block-end:0}.now-p-block-start--xxs{padding-block-start:.125rem}.now-p-block-start--xs{padding-block-start:.25rem}.now-p-block-start--sm{padding-block-start:.5rem}.now-p-block-start--md{padding-block-start:.75rem}.now-p-block-start--lg{padding-block-start:1rem}.now-p-block-start--xl{padding-block-start:1.5rem}.now-p-block-start--xxl{padding-block-start:2rem}.now-p-block-start--3xl{padding-block-start:2.5rem}.now-p-block-start--0{padding-block-start:0}.now-p-block-end--xxs{padding-block-end:.125rem}.now-p-block-end--xs{padding-block-end:.25rem}.now-p-block-end--sm{padding-block-end:.5rem}.now-p-block-end--md{padding-block-end:.75rem}.now-p-block-end--lg{padding-block-end:1rem}.now-p-block-end--xl{padding-block-end:1.5rem}.now-p-block-end--xxl{padding-block-end:2rem}.now-p-block-end--3xl{padding-block-end:2.5rem}.now-p-block-end--0{padding-block-end:0}.now-p-inline--xxs{padding-inline-start:.125rem;padding-inline-end:.125rem}.now-p-inline--xs{padding-inline-start:.25rem;padding-inline-end:.25rem}.now-p-inline--sm{padding-inline-start:.5rem;padding-inline-end:.5rem}.now-p-inline--md{padding-inline-start:.75rem;padding-inline-end:.75rem}.now-p-inline--lg{padding-inline-start:1rem;padding-inline-end:1rem}.now-p-inline--xl{padding-inline-start:1.5rem;padding-inline-end:1.5rem}.now-p-inline--xxl{padding-inline-start:2rem;padding-inline-end:2rem}.now-p-inline--3xl{padding-inline-start:2.5rem;padding-inline-end:2.5rem}.now-p-inline--0{padding-inline-start:0;padding-inline-end:0}.now-p-inline-start--xxs{padding-inline-start:.125rem}.now-p-inline-start--xs{padding-inline-start:.25rem}.now-p-inline-start--sm{padding-inline-start:.5rem}.now-p-inline-start--md{padding-inline-start:.75rem}.now-p-inline-start--lg{padding-inline-start:1rem}.now-p-inline-start--xl{padding-inline-start:1.5rem}.now-p-inline-start--xxl{padding-inline-start:2rem}.now-p-inline-start--3xl{padding-inline-start:2.5rem}.now-p-inline-start--0{padding-inline-start:0}.now-p-inline-end--xxs{padding-inline-end:.125rem}.now-p-inline-end--xs{padding-inline-end:.25rem}.now-p-inline-end--sm{padding-inline-end:.5rem}.now-p-inline-end--md{padding-inline-end:.75rem}.now-p-inline-end--lg{padding-inline-end:1rem}.now-p-inline-end--xl{padding-inline-end:1.5rem}.now-p-inline-end--xxl{padding-inline-end:2rem}.now-p-inline-end--3xl{padding-inline-end:2.5rem}.now-p-inline-end--0{padding-inline-end:0}:host{display:block}.aep--tabindex{outline-width:0}.now-label-value-label{padding-bottom:10px}.analytics{height:100%;margin:auto;white-space:nowrap}.valueButton{margin-top:10px;width:100px}.product-interest{margin-top:30px}.sn-widget{background:RGB(var(--now-color--neutral-0,255,255,255));border:1px solid;border-color:rgb(var(--now-color--neutral-3,209,214,214));border-radius:.125rem;display:flex;flex:1 1 auto;flex-direction:column;height:12.0625rem;padding:.5rem;position:relative}.sn-widget-header{align-items:center;border-bottom:1px solid;border-bottom-color:rgb(var(--now-color--neutral-3,209,214,214));font-size:1rem;color:RGB(var(--now-color--text-primary,22,27,28));display:flex;flex-shrink:0;height:1.375rem;justify-content:space-between;padding:0 0 .5rem}.sn-widget-header-content{color:RGB(var(--now-color--neutral-18,22,27,28))}.sn-widget-header-content:first-of-type{margin-right:.5rem}.sn-widget-body{flex:1 1 auto;flex-direction:column;position:relative}.sn-widget-body,.sn-widget-footer{display:flex;justify-content:center;padding:.5rem 0 0}.sn-widget-row{display:flex;flex:0 0 auto;padding-bottom:.5rem;position:relative;width:100%}.sn-widget-row:last-of-type{padding-bottom:0}.sn-widget-column{display:flex;flex:1 1 auto;flex-direction:column;min-width:50%;overflow:hidden;padding:0 .25rem}.sn-widget-column.is-error{align-items:center;justify-content:center}.sn-widget-column&gt;span{display:block;font-size:.75rem;font-style:italic;text-align:center}.sn-widget-table{border:none;border-collapse:collapse;font-size:.75rem;margin:0;padding:0;position:relative;table-layout:fixed;width:100%}.sn-widget-table-row{overflow:hidden;padding-bottom:.25rem;position:relative;width:100%}.sn-widget-table-row:last-of-type .sn-widget-table-cell{margin-bottom:0}.sn-widget-table-cell{padding:0 0 .5rem 1rem;position:relative;vertical-align:top}.sn-widget-table-cell:first-of-type{padding:0 0 0 3.125rem}.sn-widget-table-cell:last-of-type{margin-right:0}.sn-widget-table-content{display:block;position:relative;white-space:normal}.sn-widget-table-content:last-of-type{margin-right:0}.sn-widget-line-height-crop:after,.sn-widget-line-height-crop:before{content:"";display:block;width:0;height:0}.sn-widget-line-height-crop:before{margin-block-end:calc(var(--now-line-height-crop--before, -.25em)*1)}.sn-widget-line-height-crop:after{margin-block-start:calc(var(--now-line-height-crop--after, -.125em)*1)}.sn-widget-line-height-crop+.sn-widget-line-height-crop{margin-block-start:calc(var(--now-line-height-crop--before, -.25em)*1*-1)}.sn-widget-label-value{font-size:.75rem;margin:0 auto}.sn-widget-label-value-label{color:RGB(var(--now-color--text-tertiary,99,114,116))}.sn-widget-label-value-label,.sn-widget-label-value-value{overflow:hidden;white-space:nowrap;text-overflow:ellipsis}.sn-widget-label-value-pair&gt;dt{margin-bottom:.125rem}.sn-widget-label-value-pair&gt;dd{margin-left:0}',""])},function(e,n,t){var i=t(2);e.exports="string"==typeof i?i:i.toString()},function(e,n){e.exports=__TECTONIC__$servicenow_ui_effect_update_state},function(e,n){e.exports=__TECTONIC__$servicenow_ui_effect_graphql},function(e,n){e.exports=__TECTONIC__$servicenow_ui_core},function(e,n){e.exports=__TECTONIC__$servicenow_now_modal},function(e,n){e.exports=__TECTONIC__$servicenow_now_label_value},function(e,n){e.exports=__TECTONIC__$servicenow_now_button},function(e,n,t){"use strict";var i=Object.assign||function(e){for(var n=1;n&lt;arguments.length;n++){var t=arguments[n];for(var i in t)Object.prototype.hasOwnProperty.call(t,i)&amp;&amp;(e[i]=t[i])}return e},r=(t(0),t(0)),o=c(r);t(9),t(8),t(7);var a=t(6),l=t(5),d=t(4),s=c(t(3));function c(e){return e&amp;&amp;e.__esModule?e:{default:e}}o.default.createElement;var m=(0,d.createUpdateStateEffect)(function(e,n){var t=n.payload.data.GlideRecord_Query.sn_customerservice_case._results[0].consumer._reference.u_churn_value,r=n.payload.data.GlideRecord_Query.sn_customerservice_case._results[0].consumer._reference.u_product_affinity,o=n.payload.data.GlideRecord_Query.sn_customerservice_case._results[0].consumer._reference.u_product_interest;return t=t?t.value:e.churnScore,r=r?r.value:e.productAffinity,o=o?o.value:e.productInterest,i({},e,{churnScore:t,productAffinity:r,productInterest:o})}),p=(0,d.createUpdateStateEffect)(function(e,n){var t=n.payload.field;return i({},e,{modal:t})}),g=(0,l.createGraphQLEffect)("query ($sys_id: String) {\n\tGlideRecord_Query {\n\t\tsn_customerservice_case(sys_id: $sys_id) {\n\t\t\t_results {\n\t\t\t\tconsumer {\n\t\t\t\t\t_reference {\n\t\t\t\t\t\tname {\n\t\t\t\t\t\t\tvalue\n\t\t\t\t\t\t\tdisplayValue\n\t\t\t\t\t\t}\n\t\t\t\t\t\tactive_escalation {\n\t\t\t\t\t\t\tvalue\n\t\t\t\t\t\t\t_reference {\n\t\t\t\t\t\t\t\tstate {\n\t\t\t\t\t\t\t\t\tvalue\n\t\t\t\t\t\t\t\t\tdisplayValue\n\t\t\t\t\t\t\t\t}\n\t\t\t\t\t\t\t}\n\t\t\t\t\t\t}\n\t\t\t\t\t\tu_churn_value {\n\t\t\t\t\t\t\tvalue\n\t\t\t\t\t\t}\n\t\t\t\t\t\tu_product_affinity {\n\t\t\t\t\t\t\tvalue\n\t\t\t\t\t\t}\n\t\t                u_product_interest {\n\t\t                  value\n\t\t                }\n\t\t\t\t\t}\n\t\t\t\t}\n\t\t\t}\n\t\t}\n\t}\n}",{variableList:["sys_id"],successActionType:"ACCOUNT_FETCH_SUCCEEDED",errorActionType:"ACCOUNT_FETCH_FAILED"});(0,a.createCustomElement)("sn-aep-ribbon",{renderer:{type:o.default,view:function(e,n){if(console.log("state.churnScore : "+JSON.stringify(e.churnScore)),console.log("state.productAffinity : "+JSON.stringify(e.productAffinity)),e.modal){var t=void 0,i=void 0;switch(e.modal){case"churn":t=(0,r.createElement)("div",null,"[inform customer]:",(0,r.createElement)("br",null),(0,r.createElement)("p",null,"We appreciate your business. We consider you as a valuable customer, and I am happy to inform you, that we have granted you immediate discount of 10% for the next 6 months."),(0,r.createElement)("p",null,"We can offer you also an additional 15% of discount, if you decide to extend your subscription for the next 12 months."),(0,r.createElement)("p",null,"I’m sending you a confirmation email with all the details.")),i="Churn Score";break;default:t="Product affinity instructions",i="Product Usage"}return(0,r.createElement)("now-modal",{opened:!0,size:"md","header-label":i,"footer-actions":'[ { "variant": "primary", "label": "Close" } ]'},t)}console.log("after modal check");var o=parseFloat(e.churnScore),a=e.productAffinity;e.churnScore||(tmpChurchScore="N/A"),e.productAffinity||(a="N/A"),console.log("after tmp");var l,d="Customer Insights from AEP",s="secondary",c="N/A";o&gt;=.75?c="High":o&gt;.25&amp;&amp;o&lt;.75?c="Medium":o&lt;=.25&amp;&amp;(c="Low"),"LOW"===c.toUpperCase()?s="primary":"MEDIUM"===c.toUpperCase()?s="secondary-positive":"HIGH"===c.toUpperCase()&amp;&amp;(s="primary-negative"),l=100*parseFloat(o)+"%",console.log("after score "+c),console.log("after scorePercent "+l);var m=a.replace(/^\w/,function(e){return e.toUpperCase()}),p="secondary";"LOW"===m.toUpperCase()?p="primary-negative":"MEDIUM"===m.toUpperCase()?p="secondary-positive":"HIGH"===m.toUpperCase()&amp;&amp;(p="primary"),console.log("after affinity");var g=void 0;return e.productInterest&amp;&amp;(g=(0,r.createElement)("div",{className:"product-interest"},(0,r.createElement)("now-label-value-stacked",{items:[{label:"Product Interest:",value:{type:"jsx",value:(0,r.createElement)("div",{style:{"padding-top":"10px"}},e.productInterest)}}],align:"horizontal",className:"now-m-block-start--sm"}))),console.log("after productInterest"),(0,r.createElement)("div",{className:"sn-widget",tabIndex:"0"},(0,r.createElement)("div",{className:"sn-widget-header"},(0,r.createElement)("div",{className:"sn-widget-header-content aep--tabindex",role:"heading","aria-label":d,"aria-level":"1"},d)),(0,r.createElement)("div",{className:"sn-widget-body"},(0,r.createElement)("div",{className:"analytics"},(0,r.createElement)("now-label-value-stacked",{items:[{label:"Churn Score",value:{type:"jsx",value:(0,r.createElement)("now-button",{style:{"padding-top":"10px",width:"90px"},label:l,variant:s,size:"md","append-to-payload":{field:"churn"}})}},{label:"Product Usage",value:{type:"jsx",value:(0,r.createElement)("now-button",{style:{"padding-top":"10px",width:"90px"},label:m,variant:p,size:"md","append-to-payload":{field:"affinity"}})}}],align:"horizontal-equal",className:"now-m-block-start--sm"}),g)))}},initialState:{churnScore:"N/A",productAffinity:"N/A",productInterest:""},actionHandlers:{ACCOUNT_FETCH_REQUESTED:g,ACCOUNT_FETCH_SUCCEEDED:m,ACCOUNT_FETCH_FAILED:function(e){e.action;alert("Table Item fetch failed!")},"NOW_BUTTON#CLICKED":p},properties:{sysid:{default:""}},onBootstrap:function(e,n){console.log("host: "+JSON.stringify(e.sysid)),n("ACCOUNT_FETCH_REQUESTED",{sys_id:e.sysid})},styles:s.default})},function(e,n,t){"use strict";t(10)},function(e,n,t){e.exports=t(11)}]);
//# sourceMappingURL=/scripts/sn-component-aep/sn-component-aep.min.js.map]]&gt;&lt;/script&gt;
&lt;script_link/&gt;
&lt;sys_class_name&gt;sys_ux_lib_source_script&lt;/sys_class_name&gt;
&lt;sys_created_by&gt;tectonic&lt;/sys_created_by&gt;
&lt;sys_created_on&gt;2020-08-20 13:19:38&lt;/sys_created_on&gt;
&lt;sys_id&gt;f387a26d4f72c1f073661c8a868bb712&lt;/sys_id&gt;
&lt;sys_mod_count&gt;443865&lt;/sys_mod_count&gt;
&lt;sys_name&gt;AEP Source Paris&lt;/sys_name&gt;
&lt;sys_package display_value=""&gt;5af96daa3a1fa3fe0dbab8f6db2c98e2&lt;/sys_package&gt;
&lt;sys_policy/&gt;
&lt;sys_scope display_value=""&gt;5af96daa3a1fa3fe0dbab8f6db2c98e2&lt;/sys_scope&gt;
&lt;sys_update_name&gt;sys_ux_lib_source_script_f387a26d4f72c1f073661c8a868bb712&lt;/sys_update_name&gt;
&lt;sys_updated_by&gt;admin&lt;/sys_updated_by&gt;
&lt;sys_updated_on&gt;2020-08-20 07:58:09&lt;/sys_updated_on&gt;
&lt;type&gt;script&lt;/type&gt;
&lt;/sys_ux_lib_source_script&gt;&lt;/record_update&gt;</payload>
<payload_hash>437538324</payload_hash>
<remote_update_set display_value="AEP Widget On Agent Workspace">3f01de8c2f0020108217dcb6f699b62c</remote_update_set>
<replace_on_upgrade>false</replace_on_upgrade>
<sys_created_by>sharath.lagisetty</sys_created_by>
<sys_created_on>2020-10-19 13:54:31</sys_created_on>
<sys_id>7701de8c2f0020108217dcb6f699b62d</sys_id>
<sys_mod_count>0</sys_mod_count>
<sys_recorded_at>17410be994e0000001</sys_recorded_at>
<sys_updated_by>sharath.lagisetty</sys_updated_by>
<sys_updated_on>2020-10-19 13:54:31</sys_updated_on>
<table/>
<target_name>AEP Source Paris</target_name>
<type>UX Source Code</type>
<update_domain>global</update_domain>
<update_guid>dfb73d059a3614109d859e55ae7df352</update_guid>
<update_guid_history>dfb73d059a3614109d859e55ae7df352:437538324,65247101a4361410b6299e60e7604c24:-344856260,a1f1758d32f21410e860760203fcea0c:-1140590845,91a1f98d5ff214105954e8058654f2b1:468394472,34ae290d17f2141046a6b4cf4ff5f993:-1493268650,e5892585fbf21410782ec62e4eec0258:-392101226,7ed861050cf214101bdcb191e94b1274:716753790,e23661c195f214101c7c29edc117c8b1:-1676670453,21b521c18bf2141074803bd285ff8868:-626046428,ddc42d417bf21410f434062b367948d3:1391279770,5d50e54d7eb21410018753dfeb1a523e:-1040774538,53af19c928b2141061884303d3f83ee4:-1303304138,476e1dc961b2141097314b6bf046b415:1362429856,1bba51c59cb21410f7b00f71c50c9498:-1842552300,cc9a1d85afb21410c8d5dd3fd06b0d29:868086188,fc22c5815e7214100c4d45e5dcc6043f:1542352543,b4a9fc780cf2d0101ded147e98302d96:-1258470916</update_guid_history>
<update_set display_value=""/>
<view/>
</sys_update_xml>
<sys_update_xml action="INSERT_OR_UPDATE">
<action>INSERT_OR_UPDATE</action>
<application display_value="Global">global</application>
<category>customer</category>
<comments/>
<name>sys_ux_lib_component_3f9425191bf9c41091bf0d8cdc4bcb2e</name>
<payload><![CDATA[<?xml version="1.0" encoding="UTF-8"?><record_update table="sys_ux_lib_component"><sys_ux_lib_component action="INSERT_OR_UPDATE"><default_children/><default_layout/><deprecated>false</deprecated><overrides/><required_sys_props/><required_translation_keys/><source_script display_value="AEP Source Paris">f387a26d4f72c1f073661c8a868bb712</source_script><source_script_name/><sys_class_name>sys_ux_lib_component</sys_class_name><sys_created_by>brian.yamabe@snc</sys_created_by><sys_created_on>2019-12-17 15:20:37</sys_created_on><sys_id>3f9425191bf9c41091bf0d8cdc4bcb2e</sys_id><sys_mod_count>10</sys_mod_count><sys_name>sn-aep-ribbon</sys_name><sys_package display_value="Global" source="global">global</sys_package><sys_policy/><sys_scope display_value="Global">global</sys_scope><sys_update_name>sys_ux_lib_component_3f9425191bf9c41091bf0d8cdc4bcb2e</sys_update_name><sys_updated_by>sharath.lagisetty</sys_updated_by><sys_updated_on>2020-08-21 09:10:57</sys_updated_on><tag>sn-aep-ribbon</tag></sys_ux_lib_component></record_update>]]></payload>
<payload_hash>705928052</payload_hash>
<remote_update_set display_value="AEP Widget On Agent Workspace">3f01de8c2f0020108217dcb6f699b62c</remote_update_set>
<replace_on_upgrade>false</replace_on_upgrade>
<sys_created_by>sharath.lagisetty</sys_created_by>
<sys_created_on>2020-10-19 13:54:31</sys_created_on>
<sys_id>b301de8c2f0020108217dcb6f699b62d</sys_id>
<sys_mod_count>0</sys_mod_count>
<sys_recorded_at>17410490d7a0000001</sys_recorded_at>
<sys_updated_by>sharath.lagisetty</sys_updated_by>
<sys_updated_on>2020-10-19 13:54:31</sys_updated_on>
<table/>
<target_name>sn-aep-ribbon</target_name>
<type>UX Component Definition</type>
<update_domain>global</update_domain>
<update_guid>e65a11c9487214106a41754422610182</update_guid>
<update_guid_history>e65a11c9487214106a41754422610182:705928052,8f2305c10d721410d5f84de1ddc9e22f:1921688998,583281c1537214109c7fb5b5c50da443:705928052,086a85b89536d010bc349fcd050950c7:1921688998,ddd909b89736d0100fccf84abdfd2b11:-972446931,b51809388836d0101782f6505a2d1df7:705928052,f7e1c5b07e36d0108482ebff441f82f2:1921688998,f7cff430f236d0104f64679a91a39878:705928052,e30df87ce9f2d0100f1f472ef32594e5:1921688998,8e2c303c1bf2d010b83be1abcf9fa98c:705928052,43b9fc78f5f2d0104625abb3ec4a9864:-1191946739</update_guid_history>
<update_set display_value=""/>
<view/>
</sys_update_xml>
<sys_update_xml action="INSERT_OR_UPDATE">
<action>INSERT_OR_UPDATE</action>
<application display_value="Global">global</application>
<category>customer</category>
<comments/>
<name>sys_aw_ribbon_component_76e42d191bf9c41091bf0d8cdc4bcb2d</name>
<payload><![CDATA[<?xml version="1.0" encoding="UTF-8"?><record_update><sys_aw_ribbon_component action="INSERT_OR_UPDATE">
<component display_value="sn-aep-ribbon">3f9425191bf9c41091bf0d8cdc4bcb2e</component>
<description/>
<name>AEP Ribbon</name>
<sys_class_name>sys_aw_ribbon_component</sys_class_name>
<sys_created_by>brian.yamabe@snc</sys_created_by>
<sys_created_on>2019-12-17 15:21:50</sys_created_on>
<sys_id>76e42d191bf9c41091bf0d8cdc4bcb2d</sys_id>
<sys_mod_count>0</sys_mod_count>
<sys_name>AEP Ribbon</sys_name>
<sys_package display_value="Global" source="global">global</sys_package>
<sys_policy/>
<sys_scope display_value="Global">global</sys_scope>
<sys_update_name>sys_aw_ribbon_component_76e42d191bf9c41091bf0d8cdc4bcb2d</sys_update_name>
<sys_updated_by>brian.yamabe@snc</sys_updated_by>
<sys_updated_on>2019-12-17 15:21:50</sys_updated_on>
<tag>sn-aep-ribbon</tag>
</sys_aw_ribbon_component></record_update>]]></payload>
<payload_hash>-867408691</payload_hash>
<remote_update_set display_value="AEP Widget On Agent Workspace">3f01de8c2f0020108217dcb6f699b62c</remote_update_set>
<replace_on_upgrade>false</replace_on_upgrade>
<sys_created_by>sharath.lagisetty</sys_created_by>
<sys_created_on>2020-10-19 13:54:31</sys_created_on>
<sys_id>ff01de8c2f0020108217dcb6f699b62c</sys_id>
<sys_mod_count>0</sys_mod_count>
<sys_recorded_at>1740bc662110000001</sys_recorded_at>
<sys_updated_by>sharath.lagisetty</sys_updated_by>
<sys_updated_on>2020-10-19 13:54:31</sys_updated_on>
<table/>
<target_name>AEP Ribbon</target_name>
<type>Ribbon Component</type>
<update_domain>global</update_domain>
<update_guid>37a930b847f2d010d010232a74a3011d</update_guid>
<update_guid_history>37a930b847f2d010d010232a74a3011d:-867408691</update_guid_history>
<update_set display_value=""/>
<view/>
</sys_update_xml>
</unload>
