{
	"info": {
		"_postman_id": "d6e2e5f6-42e8-4ea4-a431-f8929b3d617d",
		"name": "_Module 14: Decisioning Service",
		"schema": "https://schema.getpostman.com/json/collection/v2.1.0/collection.json"
	},
	"item": [
		{
			"name": "List Containers",
			"event": [
				{
					"listen": "test",
					"script": {
						"id": "9f80bfea-8aa6-4ee4-9d86-7b24d4ee3648",
						"exec": [
							"var offersResponse = JSON.parse(responseBody);",
							"postman.setEnvironmentVariable(\"OFFER_CONTAINER_ID\", offersResponse._embedded['https://ns.adobe.com/experience/xcore/container'][0].instanceId);"
						],
						"type": "text/javascript"
					}
				}
			],
			"request": {
				"method": "GET",
				"header": [
					{
						"key": "Accept",
						"value": "application/vnd.adobe.platform.xcore.home.hal+json"
					},
					{
						"key": "Authorization",
						"value": "Bearer {{access_token}}"
					},
					{
						"key": "x-api-key",
						"value": "{{API_KEY}}"
					},
					{
						"key": "x-gw-ims-org-id",
						"value": "{{IMS_ORG}}"
					},
					{
						"key": "x-request-id",
						"value": "{{API_KEY}}req1"
					}
				],
				"url": {
					"raw": "https://platform.adobe.io/data/core/xcore/?product=acp&property=_instance.parentName==aepenablementfy21",
					"protocol": "https",
					"host": [
						"platform",
						"adobe",
						"io"
					],
					"path": [
						"data",
						"core",
						"xcore",
						""
					],
					"query": [
						{
							"key": "product",
							"value": "acp"
						},
						{
							"key": "property",
							"value": "_instance.parentName==aepenablementfy21"
						}
					]
				}
			},
			"response": []
		},
		{
			"name": "List Placements",
			"request": {
				"method": "GET",
				"header": [
					{
						"key": "Authorization",
						"value": "Bearer {{access_token}}"
					},
					{
						"key": "x-api-key",
						"value": "{{API_KEY}}"
					},
					{
						"key": "x-gw-ims-org-id",
						"value": "{{IMS_ORG}}"
					},
					{
						"key": "x-request-id",
						"value": "unique-requestid-{{API_KEY}}"
					},
					{
						"key": "Content-Type",
						"value": "application/vnd.adobe.platform.xcore.hal+json; schema=\"https://ns.adobe.com/experience/offer-management/offer-placement\""
					},
					{
						"key": "Accept",
						"value": "application/vnd.adobe.platform.xcore.xdm.receipt+json",
						"disabled": true
					}
				],
				"url": {
					"raw": "https://platform.adobe.io/data/core/xcore/{{OFFER_CONTAINER_ID}}/instances?schema=https://ns.adobe.com/experience/offer-management/offer-placement",
					"protocol": "https",
					"host": [
						"platform",
						"adobe",
						"io"
					],
					"path": [
						"data",
						"core",
						"xcore",
						"{{OFFER_CONTAINER_ID}}",
						"instances"
					],
					"query": [
						{
							"key": "schema",
							"value": "https://ns.adobe.com/experience/offer-management/offer-placement"
						}
					]
				}
			},
			"response": []
		},
		{
			"name": "List Decision Rules",
			"request": {
				"method": "GET",
				"header": [
					{
						"key": "Authorization",
						"value": "Bearer {{access_token}}"
					},
					{
						"key": "x-api-key",
						"value": "{{API_KEY}}"
					},
					{
						"key": "x-gw-ims-org-id",
						"value": "{{IMS_ORG}}"
					},
					{
						"key": "x-request-id",
						"value": "unique-requestid-{{API_KEY}}"
					},
					{
						"key": "Content-Type",
						"value": "application/vnd.adobe.platform.xcore.hal+json; schema=\"https://ns.adobe.com/experience/offer-management/eligibility-rule\""
					}
				],
				"url": {
					"raw": "https://platform.adobe.io/data/core/xcore/{{OFFER_CONTAINER_ID}}/instances?schema=https://ns.adobe.com/experience/offer-management/eligibility-rule",
					"protocol": "https",
					"host": [
						"platform",
						"adobe",
						"io"
					],
					"path": [
						"data",
						"core",
						"xcore",
						"{{OFFER_CONTAINER_ID}}",
						"instances"
					],
					"query": [
						{
							"key": "schema",
							"value": "https://ns.adobe.com/experience/offer-management/eligibility-rule"
						}
					]
				}
			},
			"response": []
		},
		{
			"name": "List Personalized Offers",
			"request": {
				"method": "GET",
				"header": [
					{
						"key": "Authorization",
						"value": "Bearer {{access_token}}"
					},
					{
						"key": "x-api-key",
						"value": "{{API_KEY}}"
					},
					{
						"key": "x-gw-ims-org-id",
						"value": "{{IMS_ORG}}"
					},
					{
						"key": "x-request-id",
						"value": "unique-requestid-{{API_KEY}}"
					},
					{
						"key": "Content-Type",
						"value": "application/vnd.adobe.platform.xcore.hal+json; schema=\"https://ns.adobe.com/experience/offer-management/personalized-offer\""
					}
				],
				"url": {
					"raw": "https://platform.adobe.io/data/core/xcore/{{OFFER_CONTAINER_ID}}/instances?schema=https://ns.adobe.com/experience/offer-management/personalized-offer",
					"protocol": "https",
					"host": [
						"platform",
						"adobe",
						"io"
					],
					"path": [
						"data",
						"core",
						"xcore",
						"{{OFFER_CONTAINER_ID}}",
						"instances"
					],
					"query": [
						{
							"key": "schema",
							"value": "https://ns.adobe.com/experience/offer-management/personalized-offer"
						}
					]
				}
			},
			"response": []
		},
		{
			"name": "List Fallback Offers",
			"request": {
				"method": "GET",
				"header": [
					{
						"key": "Authorization",
						"value": "Bearer {{access_token}}"
					},
					{
						"key": "x-api-key",
						"value": "{{API_KEY}}"
					},
					{
						"key": "x-gw-ims-org-id",
						"value": "{{IMS_ORG}}"
					},
					{
						"key": "x-request-id",
						"value": "unique-requestid-{{API_KEY}}"
					},
					{
						"key": "Content-Type",
						"value": "application/vnd.adobe.platform.xcore.hal+json; schema=\"https://ns.adobe.com/experience/offer-management/fallback-offer\""
					}
				],
				"url": {
					"raw": "https://platform.adobe.io/data/core/xcore/{{OFFER_CONTAINER_ID}}/instances?schema=https://ns.adobe.com/experience/offer-management/fallback-offer",
					"protocol": "https",
					"host": [
						"platform",
						"adobe",
						"io"
					],
					"path": [
						"data",
						"core",
						"xcore",
						"{{OFFER_CONTAINER_ID}}",
						"instances"
					],
					"query": [
						{
							"key": "schema",
							"value": "https://ns.adobe.com/experience/offer-management/fallback-offer"
						}
					]
				}
			},
			"response": []
		},
		{
			"name": "List Collections",
			"request": {
				"method": "GET",
				"header": [
					{
						"key": "Authorization",
						"value": "Bearer {{access_token}}"
					},
					{
						"key": "x-api-key",
						"value": "{{API_KEY}}"
					},
					{
						"key": "x-gw-ims-org-id",
						"value": "{{IMS_ORG}}"
					},
					{
						"key": "x-request-id",
						"value": "unique-requestid-{{API_KEY}}"
					},
					{
						"key": "Content-Type",
						"value": "application/vnd.adobe.platform.xcore.hal+json; schema=\"https://ns.adobe.com/experience/offer-management/fallback-offer\""
					}
				],
				"url": {
					"raw": "https://platform.adobe.io/data/core/xcore/{{OFFER_CONTAINER_ID}}/instances?schema=https://ns.adobe.com/experience/offer-management/offer-filter",
					"protocol": "https",
					"host": [
						"platform",
						"adobe",
						"io"
					],
					"path": [
						"data",
						"core",
						"xcore",
						"{{OFFER_CONTAINER_ID}}",
						"instances"
					],
					"query": [
						{
							"key": "schema",
							"value": "https://ns.adobe.com/experience/offer-management/offer-filter"
						}
					]
				}
			},
			"response": []
		},
		{
			"name": "List Activities",
			"request": {
				"method": "GET",
				"header": [
					{
						"key": "x-api-key",
						"value": "{{API_KEY}}"
					},
					{
						"key": "x-gw-ims-org-id",
						"value": "{{IMS_ORG}}"
					},
					{
						"key": "x-request-id",
						"value": "unique-requestid-{{API_KEY}}"
					},
					{
						"key": "Content-Type",
						"value": "application/vnd.adobe.platform.xcore.hal+json; schema=\"https://ns.adobe.com/experience/offer-management/offer-activity\""
					},
					{
						"key": "Authorization",
						"value": "Bearer {{access_token}}"
					}
				],
				"url": {
					"raw": "https://platform.adobe.io/data/core/xcore/{{OFFER_CONTAINER_ID}}/instances?schema=https://ns.adobe.com/experience/offer-management/offer-activity",
					"protocol": "https",
					"host": [
						"platform",
						"adobe",
						"io"
					],
					"path": [
						"data",
						"core",
						"xcore",
						"{{OFFER_CONTAINER_ID}}",
						"instances"
					],
					"query": [
						{
							"key": "schema",
							"value": "https://ns.adobe.com/experience/offer-management/offer-activity"
						}
					]
				}
			},
			"response": []
		},
		{
			"name": "Get Offers by Activity Id",
			"request": {
				"method": "GET",
				"header": [
					{
						"key": "Authorization",
						"value": "Bearer {{access_token}}"
					},
					{
						"key": "x-api-key",
						"value": "{{API_KEY}}"
					},
					{
						"key": "x-gw-ims-org-id",
						"value": "{{IMS_ORG}}"
					},
					{
						"key": "x-request-id",
						"value": "unique-requestid-{{API_KEY}}"
					},
					{
						"key": "x-products",
						"value": "dma_offers",
						"disabled": true
					},
					{
						"key": "Accept",
						"value": "application/json"
					}
				],
				"url": {
					"raw": "https://platform.adobe.io/data/core/ode/{{OFFER_CONTAINER_ID}}/offers?activityId={{OFFER_ACTIVITY_ID}}",
					"protocol": "https",
					"host": [
						"platform",
						"adobe",
						"io"
					],
					"path": [
						"data",
						"core",
						"ode",
						"{{OFFER_CONTAINER_ID}}",
						"offers"
					],
					"query": [
						{
							"key": "activityId",
							"value": "{{OFFER_ACTIVITY_ID}}"
						}
					]
				}
			},
			"response": []
		},
		{
			"name": "Get Offers for Customer Profile",
			"request": {
				"method": "POST",
				"header": [
					{
						"key": "Authorization",
						"value": "Bearer {{access_token}}"
					},
					{
						"key": "x-api-key",
						"value": "{{API_KEY}}"
					},
					{
						"key": "x-gw-ims-org-id",
						"value": "{{IMS_ORG}}"
					},
					{
						"key": "x-request-id",
						"value": "unique-requestid-{{API_KEY}}"
					},
					{
						"key": "Content-Type",
						"value": "application/json"
					}
				],
				"body": {
					"mode": "raw",
					"raw": "{\n\t\"xdm:dryRun\":false,\n\t\"xdm:validateContextData\":false,\n\t\"xdm:offerActivities\":[{\"xdm:offerActivity\":\"{{OFFER_ACTIVITY_ID}}\"}],\n\t\"xdm:identityMap\":{\"Email\":[{\"xdm:id\":\"woutervangeluwe+04112020-17@gmail.com\"}]},\n\t\"xdm:profileModel\":\"_xdm.context.profile\",\n\t\"xdm:contextData\":[]\n\t\n}",
					"options": {
						"raw": {}
					}
				},
				"url": {
					"raw": "https://platform.adobe.io/data/core/ode/{{OFFER_CONTAINER_ID}}/decisions",
					"protocol": "https",
					"host": [
						"platform",
						"adobe",
						"io"
					],
					"path": [
						"data",
						"core",
						"ode",
						"{{OFFER_CONTAINER_ID}}",
						"decisions"
					]
				}
			},
			"response": []
		},
		{
			"name": "Get Detailed Offers for Customer Profile",
			"request": {
				"method": "POST",
				"header": [
					{
						"key": "Authorization",
						"value": "Bearer {{access_token}}"
					},
					{
						"key": "x-api-key",
						"value": "{{API_KEY}}"
					},
					{
						"key": "x-gw-ims-org-id",
						"value": "{{IMS_ORG}}"
					},
					{
						"key": "x-request-id",
						"value": "unique-requestid-{{API_KEY}}"
					},
					{
						"key": "Content-Type",
						"value": "application/vnd.adobe.xdm+json; schema=\"https://ns.adobe.com/experience/offer-management/decision-request;version=1.0\""
					},
					{
						"key": "Accept",
						"value": "application/vnd.adobe.xdm+json; schema=\"https://ns.adobe.com/experience/offer-management/decision-response;version=1.0\"",
						"type": "text"
					}
				],
				"body": {
					"mode": "raw",
					"raw": "{\n\t\"xdm:dryRun\": true,\n    \"xdm:propositionRequests\": [\n        {\n            \"xdm:placementId\": \"xcore:offer-placement:127075c49bb0df30\",\n            \"xdm:activityId\": \"{{OFFER_ACTIVITY_ID}}\"\n        }\n    ],\n    \"xdm:profiles\": [\n        {\n            \"xdm:identityMap\":{ \n                \"Email\":[\n                    { \n                        \"xdm:id\":\"woutervangeluwe+04112020-17@gmail.com\"\n                    }\n                ]\n            },\n            \"xdm:profileModel\":\"_xdm.context.profile\"\n        }\n    ],\n    \"xdm:responseFormat\": {\n        \"xdm:includeContent\": true\n    }\n}",
					"options": {
						"raw": {}
					}
				},
				"url": {
					"raw": "https://platform.adobe.io/data/core/ode/{{OFFER_CONTAINER_ID}}/decisions",
					"protocol": "https",
					"host": [
						"platform",
						"adobe",
						"io"
					],
					"path": [
						"data",
						"core",
						"ode",
						"{{OFFER_CONTAINER_ID}}",
						"decisions"
					]
				}
			},
			"response": []
		}
	],
	"event": [
		{
			"listen": "prerequest",
			"script": {
				"id": "0f73d605-deb8-424f-b642-2e8237a32d93",
				"type": "text/javascript",
				"exec": [
					""
				]
			}
		},
		{
			"listen": "test",
			"script": {
				"id": "c992f25e-59a3-46ab-ae79-d0907b8bed38",
				"type": "text/javascript",
				"exec": [
					""
				]
			}
		}
	],
	"protocolProfileBehavior": {}
}